disclosure_group,domain,total_request_count
Class 1,01net.com,13
Class 1,19216811.to,26
Class 1,acortar.link,26
Class 1,actionnewsjax.com,2
Class 1,adcolony.com,1
Class 1,americatv.com.pe,21
Class 1,anti-crise.fr,27
Class 1,appia.com,1
Class 1,arstechnica.com,34
Class 1,assamcareer.com,49
Class 1,aukro.cz,1
Class 1,beelup.com,5
Class 1,billedbladet.dk,4
Class 1,billingsgazette.com,6
Class 1,biovisions.in,36
Class 1,bismarcktribune.com,7
Class 1,blogdokaledri.com.br,30
Class 1,bonappetit.com,29
Class 1,bpboot.com,23
Class 1,brainly.co.id,2
Class 1,brainly.lat,2
Class 1,brainly.ph,2
Class 1,brainly.pl,2
Class 1,brainly.ro,2
Class 1,buffalonews.com,8
Class 1,businessinsider.com.pl,6
Class 1,carrefour.com.ar,3
Class 1,caughtoffside.com,18
Class 1,cfo.com,1
Class 1,ciodive.com,1
Class 1,cnbc.com,17
Class 1,cnbcafrica.com,8
Class 1,cntraveler.com,25
Class 1,cntraveller.in,38
Class 1,cocoland.cc,31
Class 1,comicsalliance.com,5
Class 1,cybersecuritydive.com,1
Class 1,dailyassam.com,26
Class 1,dailyprogress.com,6
Class 1,diariocorreo.pe,29
Class 1,diaryguru.com,43
Class 1,digitalturbine.com,1
Class 1,dummies.com,1
Class 1,ecoregistros.org,31
Class 1,efinancialcareers.com,10
Class 1,eonline.com,5
Class 1,epicurious.com,37
Class 1,everand.com,2
Class 1,expresso.pt,14
Class 1,fooddive.com,1
Class 1,football-espana.net,14
Class 1,football-italia.net,16
Class 1,fredericksburg.com,8
Class 1,fyber.com,1
Class 1,gamewith.net,15
Class 1,gardenandgun.com,8
Class 1,glamour.com,35
Class 1,glamour.mx,14
Class 1,gossiplankanews.com,52
Class 1,gq.com,29
Class 1,gq.com.mx,11
Class 1,gqindia.com,30
Class 1,gqjapan.jp,38
Class 1,greensboro.com,11
Class 1,grocerydive.com,1
Class 1,haberler.com,19
Class 1,healthcaredive.com,1
Class 1,helenair.com,9
Class 1,hotelkeyapp.com,2
Class 1,hrdive.com,1
Class 1,instmod.com,2
Class 1,irasutoya.com,6
Class 1,keralalotteries.net,45
Class 1,keralalotteriesresults.in,29
Class 1,keralalotteryresult.net,19
Class 1,kiro7.com,1
Class 1,knack.be,6
Class 1,ksat.com,1
Class 1,kw.be,7
Class 1,lacrossetribune.com,11
Class 1,lacucinaitaliana.it,33
Class 1,lapatilla.com,16
Class 1,lateja.cr,13
Class 1,levif.be,8
Class 1,libelle-lekker.be,8
Class 1,libero.pe,33
Class 1,logicieleducatif.fr,2
Class 1,loudwire.com,8
Class 1,macupdate.com,5
Class 1,madison.com,10
Class 1,madrasaguide.online,47
Class 1,malaykord.com,33
Class 1,matkaone.com,34
Class 1,mendozapost.com,14
Class 1,missoulian.com,7
Class 1,mobafire.com,23
Class 1,mobil123.com,7
Class 1,mtgdecks.net,5
Class 1,n1info.si,15
Class 1,naat-hindi.com,60
Class 1,natashaskitchen.com,15
Class 1,nbcsports.com,2
Class 1,ncvtonline.com,15
Class 1,netsons.net,2
Class 1,news4jax.com,1
Class 1,newyorker.com,28
Class 1,nj1015.com,5
Class 1,nova.cz,3
Class 1,novini.bg,4
Class 1,nwitimes.com,7
Class 1,odishagovtjob.in,26
Class 1,odztv.com,13
Class 1,omaha.com,8
Class 1,otomoto.pl,3
Class 1,pantagraph.com,6
Class 1,pesi.com,12
Class 1,pitchfork.com,32
Class 1,plusonline.nl,6
Class 1,pmumalins.com,65
Class 1,porofessor.gg,17
Class 1,poststar.com,7
Class 1,pressofatlanticcity.com,9
Class 1,puhutv.com,4
Class 1,punchbowl.com,9
Class 1,qctimes.com,4
Class 1,radioformula.com.mx,25
Class 1,rapidcityjournal.com,6
Class 1,ratsit.se,4
Class 1,rekoroyun.com,13
Class 1,relevantmagazine.com,29
Class 1,retaildive.com,1
Class 1,reviewjournal.com,16
Class 1,roanoke.com,7
Class 1,rottentomatoes.com,25
Class 1,rtl.nl,1
Class 1,screencrush.com,11
Class 1,self.com,38
Class 1,sharethis.com,1
Class 1,siouxcityjournal.com,6
Class 1,smart-gsm.com,45
Class 1,smartcitiesdive.com,1
Class 1,splash247.com,12
Class 1,standvirtual.com,3
Class 1,stltoday.com,9
Class 1,supplychaindive.com,1
Class 1,technoticiais.com.br,41
Class 1,ted.com,6
Class 1,teenvogue.com,34
Class 1,terra.com,31
Class 1,them.us,29
Class 1,tiempo3.com,22
Class 1,tntextbooks.in,19
Class 1,trib.com,7
Class 1,tulsaworld.com,5
Class 1,turfomania.fr,4
Class 1,tv2.dk,10
Class 1,tvn-2.com,18
Class 1,updatemarts.com,52
Class 1,utilitydive.com,1
Class 1,vanityfair.com,24
Class 1,vinted.es,9
Class 1,vinted.fi,11
Class 1,vinted.fr,9
Class 1,vinted.lu,10
Class 1,vinted.nl,9
Class 1,voetbalzone.nl,10
Class 1,vogue.co.jp,41
Class 1,vogue.com,35
Class 1,vogue.com.tw,5
Class 1,vogue.in,31
Class 1,vogue.mx,24
Class 1,voguearabia.com,21
Class 1,voguebusiness.com,10
Class 1,wacotrib.com,7
Class 1,wcfcourier.com,5
Class 1,webcamromania.ro,12
Class 1,wftv.com,2
Class 1,whio.com,1
Class 1,wired.co.uk,11
Class 1,wired.com,34
Class 1,wsls.com,3
Class 1,yugioh-starlight.com,8
Class 2,1000.menu,14
Class 2,1001freefonts.com,21
Class 2,1001tracklists.com,5
Class 2,10dakot.co.il,5
Class 2,10fastfingers.com,19
Class 2,1101.com,3
Class 2,123test.com,12
Class 2,192-168-1-1ip.mobi,6
Class 2,1kuji.com,1
Class 2,1worldsync.com,2
Class 2,24028-net.jp,3
Class 2,24liveresults.com,1
Class 2,24rosa.nl,1
Class 2,270towin.com,5
Class 2,2kratings.com,22
Class 2,2u.com,2
Class 2,350.org,3
Class 2,360learning.com,2
Class 2,3axis.co,49
Class 2,3dcart.com,3
Class 2,3dnatives.com,6
Class 2,3dprintingindustry.com,6
Class 2,4kidsgames.com,26
Class 2,4kzgame.com,22
Class 2,4t.com,2
Class 2,511tactical.com,2
Class 2,5xlgame.com,19
Class 2,8ballpool.com,1
Class 2,972mag.com,1
Class 2,a-premium.com,2
Class 2,a.ki,1
Class 2,a1.bg,2
Class 2,a1.rs,3
Class 2,a101.com.tr,4
Class 2,aaai.org,1
Class 2,aacsb.edu,2
Class 2,aans.org,3
Class 2,aap.org,7
Class 2,aarong.com,2
Class 2,aasm.org,3
Class 2,aasp.org.br,3
Class 2,abajournal.com,34
Class 2,abbi.io,1
Class 2,abc-clio.com,1
Class 2,abilitynet.org.uk,1
Class 2,abonoteatro.com,3
Class 2,aboutcookies.org,1
Class 2,abovethelaw.com,9
Class 2,abplive.com,29
Class 2,acaai.org,4
Class 2,acb.com.vn,5
Class 2,acc.com,3
Class 2,accessonline.com,13
Class 2,accredible.com,2
Class 2,acdsee.com,5
Class 2,aceee.org,2
Class 2,acefitness.org,5
Class 2,acenet.edu,1
Class 2,acfe.com,1
Class 2,achrnews.com,2
Class 2,acibadem.com.tr,3
Class 2,ackermans.co.za,3
Class 2,actionaid.org,3
Class 2,activecommunities.com,2
Class 2,actonsoftware.com,1
Class 2,actorsaccess.com,5
Class 2,ada.org,1
Class 2,adacado.com,6
Class 2,adadapted.com,3
Class 2,adam4adamsfw.com,26
Class 2,adameve.com,1
Class 2,adani.com,2
Class 2,adaptedmind.com,1
Class 2,add.ua,2
Class 2,adestra.com,1
Class 2,adminbyrequest.com,3
Class 2,admiral.com,1
Class 2,adoptapet.com,11
Class 2,adoric.com,3
Class 2,adorocinema.com,16
Class 2,adpushup.com,4
Class 2,adsmoloco.com,2
Class 2,adsmurai.com,2
Class 2,adsoftheworld.com,14
Class 2,adsplay.com.br,3
Class 2,adspower.com,2
Class 2,adzuna.com,3
Class 2,aegeanair.com,1
Class 2,aena.es,2
Class 2,affilired.com,2
Class 2,affinity.co,2
Class 2,affise.com,3
Class 2,afrointroductions.com,2
Class 2,aftvnews.com,19
Class 2,agatameble.pl,3
Class 2,agenciagbc.com,9
Class 2,agora.io,3
Class 2,aguiabranca.com.br,2
Class 2,ahima.org,4
Class 2,ahoygames.com,1
Class 2,aicpa-cima.com,9
Class 2,aicpa.org,8
Class 2,aikido.dev,3
Class 2,aimatch.com,1
Class 2,ainvest.com,4
Class 2,aioseo.com,1
Class 2,airarabia.com,1
Class 2,airbrush.com,1
Class 2,airdna.co,6
Class 2,airindia.in,2
Class 2,airtelkenya.com,2
Class 2,airtime.pro,3
Class 2,ais.co.th,2
Class 2,ais.th,2
Class 2,ait.ac.th,1
Class 2,aivo.co,1
Class 2,ajc.org,3
Class 2,akc.org,9
Class 2,aktiencheck.de,5
Class 2,aku.edu,2
Class 2,akuvox.com,2
Class 2,al-islam.org,1
Class 2,albacross.com,2
Class 2,alchemer.com,4
Class 2,alchemer.eu,3
Class 2,aldoshoes.com,1
Class 2,alelo.com.br,2
Class 2,alexanderstreet.com,3
Class 2,alexhost.com,2
Class 2,alexhost.md,2
Class 2,algartelecom.com.br,3
Class 2,alhena.ai,1
Class 2,alldata.com,1
Class 2,allianz-trade.com,1
Class 2,allianz.at,2
Class 2,allmyfaves.com,19
Class 2,allofapps.com,13
Class 2,allscripts.com,1
Class 2,alphacommunity.in,2
Class 2,alphanews.live,14
Class 2,alpitour.it,10
Class 2,alsa-project.org,9
Class 2,alteg.io,3
Class 2,alterdata.com.br,5
Class 2,altn.com,3
Class 2,am-static.com,2
Class 2,amagi.com,1
Class 2,amara.org,1
Class 2,amazingtalker.com,1
Class 2,ambetterhealth.com,7
Class 2,ambitojuridico.com,3
Class 2,amc.com,4
Class 2,amcplus.com,2
Class 2,amctv.com,5
Class 2,amenitiz.io,2
Class 2,americanaddictioncenters.org,1
Class 2,americanheart.org,1
Class 2,americanhumane.org,1
Class 2,americastestkitchen.com,2
Class 2,amplifi.com,2
Class 2,amplifon.com,3
Class 2,amtrak.com,3
Class 2,amway.com.vn,2
Class 2,anarchy-online.com,1
Class 2,anawenti.com,2
Class 2,andalucia.org,10
Class 2,angloamerican.com,1
Class 2,angloinfo.com,4
Class 2,aniview.com,1
Class 2,anizle.org,1
Class 2,annsummers.com,2
Class 2,anticafarmaciaorlandi.it,2
Class 2,antstream.com,2
Class 2,antuit.ai,1
Class 2,anubisnetworks.com,2
Class 2,anymeeting.com,1
Class 2,apastyle.org,2
Class 2,aplikuj.pl,3
Class 2,appcast.io,2
Class 2,appdynamics.com,2
Class 2,appisfree.com,12
Class 2,appledaily.com,42
Class 2,appliancesdirect.co.uk,1
Class 2,appoptics.com,1
Class 2,appsflyer.com,2
Class 2,appsolve.io,3
Class 2,apptentive.com,3
Class 2,aprecomm.ai,1
Class 2,ar15.com,1
Class 2,arbonne.com,2
Class 2,arborday.org,2
Class 2,arcadiapublishing.com,2
Class 2,architecturalrecord.com,2
Class 2,architecture.com,2
Class 2,architizer.com,11
Class 2,arezzo.com.br,2
Class 2,ariat.com,2
Class 2,arista.com,2
Class 2,ariston.com,3
Class 2,armstrongceilings.com,1
Class 2,aronia-charlottenburg.ro,1
Class 2,arquitecturaydiseno.es,3
Class 2,artfinder.com,1
Class 2,article.com,2
Class 2,artlogic.net,1
Class 2,asahi-kasei.co.jp,1
Class 2,asana.biz,1
Class 2,asana.com,1
Class 2,asana.plus,1
Class 2,ashleyfurniture.com,1
Class 2,ashleystewart.com,2
Class 2,ashmolean.org,1
Class 2,asiandating.com,2
Class 2,asianews.it,23
Class 2,asianpaints.com,2
Class 2,ask.com,1
Class 2,askaichat.app,2
Class 2,asml.com,2
Class 2,aspeninstitute.org,2
Class 2,aspentech.com,1
Class 2,aspose.com,1
Class 2,asroma.com,7
Class 2,assembledhq.com,1
Class 2,astound.com,6
Class 2,astra-ai.co,2
Class 2,astraweb.com,2
Class 2,astrologyanswers.com,36
Class 2,ataoland.com,3
Class 2,atende.net,2
Class 2,ateneo.edu,1
Class 2,athenahealth.com,1
Class 2,atlantis.com,1
Class 2,atlasobscura.com,6
Class 2,atman.pl,1
Class 2,att-securefamily.com,2
Class 2,att.com,5
Class 2,attrattivo.com,2
Class 2,atw.jp,1
Class 2,aucegypt.edu,1
Class 2,auchan.ro,1
Class 2,auctollo.com,1
Class 2,audemarspiguet.com,2
Class 2,audio-technica.com,2
Class 2,audiocodes.com,1
Class 2,audiolibrix.com,2
Class 2,audiomicro.com,6
Class 2,audleytravel.com,2
Class 2,ausopen.com,4
Class 2,australia.com,2
Class 2,aut.ac.nz,3
Class 2,autodielygafa.sk,1
Class 2,autogari.ro,8
Class 2,automizely.com,2
Class 2,autoviacao1001.com.br,5
Class 2,auvik.com,2
Class 2,avakin.com,1
Class 2,avaloncommunities.com,4
Class 2,avantio.com,2
Class 2,averydennison.com,2
Class 2,avfc.co.uk,2
Class 2,avianca.com,2
Class 2,aviationa2z.com,10
Class 2,aviva.com,2
Class 2,awardsplatform.com,1
Class 2,awfulannouncing.com,28
Class 2,aws.org,2
Class 2,awwwards.com,2
Class 2,axa.co.jp,5
Class 2,axeda.com,3
Class 2,axisbank.com,2
Class 2,ay.by,1
Class 2,azar777.io,3
Class 2,azdailysun.com,6
Class 2,azulseguros.com.br,4
Class 2,azurgames.com,3
Class 2,b2bmarketing.net,5
Class 2,b3.com.br,1
Class 2,babyfiya.com,11
Class 2,babylonbee.com,2
Class 2,babypips.com,4
Class 2,backabuddy.co.za,2
Class 2,backlog.com,2
Class 2,backloggd.com,6
Class 2,bacp.co.uk,1
Class 2,baddiehub.com,7
Class 2,baeldung.com,10
Class 2,bagelcode.com,1
Class 2,bahamas.com,3
Class 2,bairesdev.com,3
Class 2,ball.com,1
Class 2,bancobmg.com.br,3
Class 2,bandai-hobby.net,3
Class 2,bandhanlife.com,3
Class 2,banffcentre.ca,3
Class 2,bangkokair.com,4
Class 2,bangkokpost.com,15
Class 2,bangor.ac.uk,4
Class 2,bankfab.com,2
Class 2,banyantree.com,4
Class 2,baomoi.com,2
Class 2,barcelonaturisme.com,5
Class 2,barclaycardus.com,2
Class 2,bardiauto.ro,2
Class 2,barilliance.com,2
Class 2,barion.com,2
Class 2,basware.com,4
Class 2,battlefields.org,5
Class 2,baymard.com,3
Class 2,bazaarvoice.com,1
Class 2,bbc.co.uk,8
Class 2,bbc.com,11
Class 2,bbc.in,11
Class 2,bbcamerica.com,8
Class 2,bbwcupid.com,2
Class 2,bcferries.com,3
Class 2,bdt.com.ve,5
Class 2,beacons.ai,1
Class 2,beatstars.com,1
Class 2,beatstars.net,2
Class 2,beds.ac.uk,3
Class 2,beenverified.com,2
Class 2,beeradvocate.com,4
Class 2,behostings.net,1
Class 2,belluna.jp,7
Class 2,belmeta.com,1
Class 2,beltelecom.by,6
Class 2,benchmarkemail.com,7
Class 2,benevity.org,2
Class 2,berklee.edu,1
Class 2,bestjobs.eu,3
Class 2,bestlawyers.com,4
Class 2,betnews.by,2
Class 2,betradar.com,1
Class 2,betss.com,1
Class 2,betterimpact.com,1
Class 2,betway.co.mz,5
Class 2,betway.co.tz,5
Class 2,betway.co.za,4
Class 2,betway.com.gh,5
Class 2,betway.com.ng,4
Class 2,bevnet.com,14
Class 2,bfwpub.com,2
Class 2,bgs.ac.uk,1
Class 2,bhhs.com,2
Class 2,bibliu.com,1
Class 2,bidspirit.com,3
Class 2,bidspotter.com,4
Class 2,bidsquare.com,2
Class 2,biiut.com,12
Class 2,biologicaldiversity.org,2
Class 2,biospace.com,9
Class 2,birdeye.com,3
Class 2,bissell.com,1
Class 2,bistudio.com,1
Class 2,bitauto.com,24
Class 2,bitfinex.com,2
Class 2,bitgravity.com,2
Class 2,bitrise.io,2
Class 2,bittitan.com,1
Class 2,bk.com,3
Class 2,blackcircles.com,2
Class 2,bleachernation.com,8
Class 2,blenderartists.org,7
Class 2,blenderkit.com,1
Class 2,blinds-2go.co.uk,3
Class 2,bling.com.br,4
Class 2,blinktelecom.com.br,1
Class 2,blinq.me,2
Class 2,blip.ai,3
Class 2,blisspointmedia.com,2
Class 2,blizoo.bg,2
Class 2,bloglines.com,19
Class 2,blogto.com,15
Class 2,blooloop.com,7
Class 2,bloomingdales.com,2
Class 2,bluecross.ca,2
Class 2,bluelagoon.com,2
Class 2,bluezones.com,4
Class 2,bmstores.fr,1
Class 2,bny.com,2
Class 2,bnymellon.com,2
Class 2,boardgamegeek.com,12
Class 2,boats.com,8
Class 2,boatsgroup.com,1
Class 2,bobs.com.br,4
Class 2,bodzio.pl,2
Class 2,bohemia.net,1
Class 2,boingboing.net,9
Class 2,bokun.io,2
Class 2,bokuntest.com,2
Class 2,boldapps.net,3
Class 2,boldcommerce.com,3
Class 2,bonito.pl,2
Class 2,bonterratech.com,2
Class 2,bookimed.com,2
Class 2,bookmap.com,2
Class 2,booksense.com,1
Class 2,booksy.com,1
Class 2,bookvisit.com,3
Class 2,boombit.com,1
Class 2,boomplay.com,8
Class 2,boomplaymusic.com,8
Class 2,boosteroid.com,2
Class 2,boss.info,1
Class 2,bostonscally.com,2
Class 2,botrix.live,5
Class 2,bouxavenue.com,1
Class 2,boxcast.com,3
Class 2,boyfriend.tv,1
Class 2,boyfriendtv.com,1
Class 2,boyfriendtv.in,1
Class 2,bracbank.com,2
Class 2,brafton.com,2
Class 2,braiins.com,2
Class 2,brainpop.com,3
Class 2,brandfinance.com,6
Class 2,brandshelter.com,2
Class 2,brasildefato.com.br,16
Class 2,brassring.com,1
Class 2,bravotv.com,10
Class 2,brazilcupid.com,2
Class 2,breakdownexpress.com,6
Class 2,breakingdefense.com,7
Class 2,breathehr.com,2
Class 2,breezechms.com,3
Class 2,breezy.hr,3
Class 2,breinify.com,2
Class 2,brevo.com,1
Class 2,bricodepot.es,1
Class 2,bricodepot.pt,1
Class 2,bridgemi.com,7
Class 2,bridgew.edu,4
Class 2,brightgauge.co,5
Class 2,brightvpn.com,1
Class 2,brill.com,1
Class 2,brillonline.com,1
Class 2,britishcycling.org.uk,2
Class 2,britishgas.co.uk,1
Class 2,broadway.com,33
Class 2,bromcom.com,2
Class 2,brompton.com,3
Class 2,brookfield.com,3
Class 2,brooklinen.com,2
Class 2,brother.com,1
Class 2,bruegel.org,1
Class 2,bruntworkwear.com,3
Class 2,brusheezy.com,21
Class 2,brzozowiak.pl,19
Class 2,bsigroup.com,1
Class 2,bubble.io,2
Class 2,bubbleapps.io,2
Class 2,bubilet.com.tr,2
Class 2,buckle.com,4
Class 2,budgetblinds.com,3
Class 2,buhlergroup.com,1
Class 2,builder.io,2
Class 2,bulawayo24.com,63
Class 2,bulgarihotels.com,3
Class 2,bunge.com,2
Class 2,burga.com,3
Class 2,buymeacoffee.com,1
Class 2,buysellonline.jp,3
Class 2,bwfbadminton.com,1
Class 2,bwin.es,1
Class 2,bwin.gr,4
Class 2,byfly.by,4
Class 2,c3.ai,1
Class 2,cabi.org,2
Class 2,caci.com,1
Class 2,cadburydessertscorner.com,2
Class 2,cafepress.co.uk,1
Class 2,cafonline.org,3
Class 2,caixabank.com,1
Class 2,caixin.com,8
Class 2,caixinglobal.com,12
Class 2,cakebox.com,2
Class 2,calculat.io,14
Class 2,calendarlabs.com,25
Class 2,calliope.style,1
Class 2,callpage.io,2
Class 2,calltrackingmetrics.com,5
Class 2,cam4.com,1
Class 2,cam4.eu,1
Class 2,cambly.com,2
Class 2,cambridgeenglish.org,2
Class 2,cambridgeinternational.org,1
Class 2,camra.org.uk,2
Class 2,camscanner.com,1
Class 2,cancaonova.com,3
Class 2,candid.org,1
Class 2,candy.ai,2
Class 2,cannondale.com,2
Class 2,canterbury.ac.nz,2
Class 2,capcom.co.jp,1
Class 2,capitalone.ca,3
Class 2,cardconnect.com,1
Class 2,cardiffmet.ac.uk,4
Class 2,cardrush-dm.jp,3
Class 2,cardrush.jp,3
Class 2,careem.com,2
Class 2,careerfoundry.com,2
Class 2,careerplug.com,1
Class 2,careers24.com,11
Class 2,caretobeauty.com,1
Class 2,caring.com,1
Class 2,carjet.com,2
Class 2,carnegiescience.edu,1
Class 2,carnet.hr,1
Class 2,carrefouruae.com,3
Class 2,cartaodetodos.com.br,2
Class 2,casar.com,4
Class 2,casel.org,1
Class 2,casino.us,1
Class 2,castify.ai,1
Class 2,castingnetworks.com,1
Class 2,castrol.com,1
Class 2,catchon.com,1
Class 2,catchthemes.com,1
Class 2,catholicherald.co.uk,1
Class 2,cbn.com,3
Class 2,cbpng.com,15
Class 2,cbpp.org,1
Class 2,ccl.org,7
Class 2,cdbaby.com,2
Class 2,cdp.net,1
Class 2,cegid.com,1
Class 2,celebritycruises.com,3
Class 2,celestino.gr,1
Class 2,celiac.org,1
Class 2,celticfc.com,6
Class 2,cenovus.com,1
Class 2,centarahotelsresorts.com,3
Class 2,centene.com,2
Class 2,centralparknyc.org,9
Class 2,centricsoftware.com,3
Class 2,centrify.com,3
Class 2,centurygame.com,5
Class 2,centurygames.com,7
Class 2,centurygames.net,7
Class 2,cepa.org,1
Class 2,cerema.fr,1
Class 2,cervantes.es,1
Class 2,cesim.com,3
Class 2,cetin.cz,1
Class 2,cfm.org.br,3
Class 2,challengermode.com,2
Class 2,chamonix.com,1
Class 2,champlain.edu,4
Class 2,chanced.com,2
Class 2,channeladvisor.com,2
Class 2,chapman.edu,4
Class 2,charleskeith.com,2
Class 2,charlesproxy.com,2
Class 2,chatiw.fr,7
Class 2,chatiw.us,16
Class 2,cheatengine.org,32
Class 2,checkoutchamp.com,2
Class 2,checkpoint.com,1
Class 2,checkr.com,3
Class 2,chelseablues.ru,29
Class 2,chelseafc.com,10
Class 2,chessgames.com,37
Class 2,chilipiper.com,3
Class 2,chime.me,1
Class 2,chinalovecupid.com,2
Class 2,chipolo.com,2
Class 2,choosechicago.com,14
Class 2,chopard.com,1
Class 2,chosic.com,16
Class 2,christiancupid.com,2
Class 2,churchleaders.com,9
Class 2,cica.es,2
Class 2,cieers.org.br,2
Class 2,cigaraficionado.com,10
Class 2,cinch.co.uk,2
Class 2,cinemaxx.de,6
Class 2,cirrusoft.com,1
Class 2,citigroup.com,1
Class 2,citiprogram.org,3
Class 2,cityandguilds.com,3
Class 2,cityexperiences.com,2
Class 2,civilim.com,2
Class 2,cjdropshipping.com,3
Class 2,clarecontrols.com,1
Class 2,class.com,3
Class 2,classcharts.com,1
Class 2,classiccars.com,8
Class 2,classiccasino.com,2
Class 2,classicfootballshirts.co.uk,3
Class 2,classicfootballshirts.com,1
Class 2,cldin.eu,2
Class 2,clearbit.com,4
Class 2,clearblue.com,1
Class 2,clickdimensions.com,2
Class 2,clickguard.com,2
Class 2,clicksign.com,3
Class 2,clideo.com,1
Class 2,clientify.com,2
Class 2,climatempo.com.br,25
Class 2,cline.bot,2
Class 2,clinicaagil.com.br,4
Class 2,clio.com,3
Class 2,clonezilla.org,31
Class 2,cloudcovermusic.com,1
Class 2,cloudlinux.com,1
Class 2,cloudresearch.com,3
Class 2,cloudsigma.com,1
Class 2,cloudynights.com,1
Class 2,clpe.org.uk,2
Class 2,clubedoingresso.com,4
Class 2,clubhousegolf.co.uk,1
Class 2,cnh.com,1
Class 2,codecombat.com,2
Class 2,codemonkey.com,4
Class 2,coderabbit.ai,3
Class 2,codewars.com,1
Class 2,cognizant.com,1
Class 2,cointracking.info,2
Class 2,coldstonecreamery.com,2
Class 2,colehaan.com,3
Class 2,collab.net,2
Class 2,collegenet.com,1
Class 2,colocrossing.com,1
Class 2,colombiahosting.com,1
Class 2,colombiancupid.com,2
Class 2,colonialwilliamsburg.org,2
Class 2,color-hex.com,7
Class 2,colourpop.com,1
Class 2,colunadofla.com,7
Class 2,comcast.com,4
Class 2,comcast.net,4
Class 2,comeup.com,2
Class 2,comexlive.org,16
Class 2,comic-con.org,2
Class 2,commentsold.com,1
Class 2,commercehub.com,2
Class 2,commercialobserver.com,11
Class 2,commonhealth.com.tw,6
Class 2,communityimpact.com,9
Class 2,comohotels.com,3
Class 2,companyweb.be,1
Class 2,comparepriceswebsite.co.uk,5
Class 2,compassion.com,3
Class 2,computerhope.com,7
Class 2,conad.it,3
Class 2,conceptcarz.com,26
Class 2,concordia.ca,2
Class 2,concordtheatricals.com,3
Class 2,concorsipubblici.com,6
Class 2,concursosnobrasil.com,11
Class 2,conectcar.com,3
Class 2,conjur.com.br,21
Class 2,connatix.com,3
Class 2,connecteam.com,1
Class 2,connectnetwork.com,8
Class 2,connectwise.com,5
Class 2,consorcioabierto.com,4
Class 2,constructconnect.com,2
Class 2,consumersadvocate.org,4
Class 2,contaazul.com,2
Class 2,contact2sale.com,3
Class 2,contactpigeon.com,2
Class 2,contentmods.com,1
Class 2,contentsquare.com,1
Class 2,controller.com,8
Class 2,controlup.com,3
Class 2,converse.com,1
Class 2,converse.com.br,2
Class 2,convertcart.com,4
Class 2,conviva.com,1
Class 2,cookie-script.com,2
Class 2,coolbox.pe,1
Class 2,coolmod.com,1
Class 2,copart.com,3
Class 2,copart.com.br,2
Class 2,copel.com,3
Class 2,cordcuttersnews.com,12
Class 2,core77.com,30
Class 2,coro.net,2
Class 2,corporatefinanceinstitute.com,1
Class 2,corporationwiki.com,9
Class 2,correiodoestado.com.br,11
Class 2,cotralspa.it,2
Class 2,couchdrop.io,1
Class 2,courtauld.ac.uk,1
Class 2,cpaaustralia.com.au,3
Class 2,cpapracticeadvisor.com,5
Class 2,cpj.org,1
Class 2,cpp.edu,3
Class 2,crackerjack.com,1
Class 2,creema.jp,11
Class 2,creighton.edu,2
Class 2,crepier.com,2
Class 2,crestron.com,1
Class 2,crhoy.com,15
Class 2,criticalcase.com,4
Class 2,crocs.com.br,3
Class 2,cropwise.com,2
Class 2,crosshero.com,2
Class 2,crossout.net,1
Class 2,crossthegame.com,23
Class 2,crossword-solver.io,18
Class 2,crunchbase.com,1
Class 2,cruzeirodosul.edu.br,6
Class 2,cruzeirodosulvirtual.com.br,6
Class 2,crypto-insiders.nl,5
Class 2,csa-iot.org,1
Class 2,csagroup.org,3
Class 2,csbsju.edu,5
Class 2,cstorepro.com,1
Class 2,csuchico.edu,1
Class 2,csusb.edu,1
Class 2,cttexpress.com,3
Class 2,culturacolectiva.com,23
Class 2,culture.gr,1
Class 2,culture.pl,2
Class 2,curve.app,2
Class 2,curvehero.com,3
Class 2,customily.com,1
Class 2,customink.com,2
Class 2,cv-library.co.uk,3
Class 2,cvent.com,2
Class 2,cvkeskus.ee,6
Class 2,cvmarket.lt,6
Class 2,cvmarket.lv,6
Class 2,cw.com.tw,5
Class 2,cybernews.com,9
Class 2,cynet.com,3
Class 2,cyolo.io,1
Class 2,d-id.com,4
Class 2,daily.co,3
Class 2,daily.dev,2
Class 2,dailyburn.com,4
Class 2,dailykarma.io,2
Class 2,dailysignal.com,6
Class 2,dailytimes.com.pk,20
Class 2,daimaru-matsuzakaya.jp,6
Class 2,dakar.com,5
Class 2,daktela.com,3
Class 2,dalecarnegie.com,1
Class 2,daltile.com,7
Class 2,danslescoulisses.com,19
Class 2,daotec.com,1
Class 2,darwinbox.com,3
Class 2,darwinbox.in,3
Class 2,dashlane.com,1
Class 2,datacenterdynamics.com,8
Class 2,datadome.co,1
Class 2,dataiku.com,3
Class 2,dataloader.io,1
Class 2,dataroid.com,2
Class 2,datatrans.com,2
Class 2,dawlance.com.pk,2
Class 2,daysoftheyear.com,13
Class 2,dbt.com,1
Class 2,dcu.ie,1
Class 2,dealeron.com,2
Class 2,dealnews.com,26
Class 2,debutify.com,2
Class 2,decathlon.com.co,2
Class 2,deckshop.pro,30
Class 2,deere.ca,1
Class 2,delight-vr.com,1
Class 2,delighted.com,2
Class 2,delinea.com,3
Class 2,demandgenreport.com,13
Class 2,demonlist.org,25
Class 2,dengage.com,1
Class 2,dentalcremer.com.br,3
Class 2,depositphotos.com,1
Class 2,derby.ac.uk,3
Class 2,deriv.com,3
Class 2,derivws.com,3
Class 2,dermoeczanem.com,3
Class 2,descomplica.com.br,5
Class 2,desigual.com,1
Class 2,destinationcanada.com,2
Class 2,destinilocators.com,2
Class 2,destiny.be,4
Class 2,deusto.es,2
Class 2,deutsch-vorbereitung.com,5
Class 2,devart.com,1
Class 2,devops.com,11
Class 2,dext.com,2
Class 2,dialog.lk,3
Class 2,dialogue.co,1
Class 2,dialoguecorp.com,1
Class 2,dialpad.com,3
Class 2,diariodaregiao.com.br,4
Class 2,diariodolitoral.com.br,22
Class 2,diba.cat,1
Class 2,dice.fm,1
Class 2,dietdoctor.com,4
Class 2,digiday.com,12
Class 2,digio.com.br,5
Class 2,digital.ai,2
Class 2,digitalaudience.io,2
Class 2,digitalaudience.link,2
Class 2,digitalpacific.com,2
Class 2,digitalpacific.com.au,2
Class 2,dikidi.net,1
Class 2,dikidi.ru,1
Class 2,dineplan.com,3
Class 2,ding.com,1
Class 2,dinorunner.com,9
Class 2,disco.co,1
Class 2,discovery.co.za,1
Class 2,discoveryeducation.com,4
Class 2,dito.ph,5
Class 2,dittomusic.com,3
Class 2,divinet.nl,1
Class 2,dlbunny.com,26
Class 2,dmarket.com,2
Class 2,dns-net.de,1
Class 2,dnsstuff.com,2
Class 2,docaccess.com,1
Class 2,documo.com,3
Class 2,doktorabc.com,2
Class 2,dolldivine.com,7
Class 2,domenomania.pl,1
Class 2,domeny.tv,1
Class 2,dominicancupid.com,2
Class 2,dominiofaidate.com,1
Class 2,dondisfraz.com,3
Class 2,donorbox.org,2
Class 2,dorchestercollection.com,2
Class 2,dotcms.cloud,3
Class 2,dotter.me,3
Class 2,doyouspain.com,2
Class 2,dr.com.tr,1
Class 2,drake.edu,4
Class 2,drchrono.com,3
Class 2,drconsulta.com,3
Class 2,dreame.com,2
Class 2,dreametech.com,3
Class 2,dreamfaceapp.com,3
Class 2,dri.edu,1
Class 2,driversupport.com,1
Class 2,drogaraia.com.br,6
Class 2,drogariasaopaulo.com.br,2
Class 2,drogasil.com.br,6
Class 2,droidsans.com,35
Class 2,drudgereport.com,4
Class 2,dskdirect.bg,3
Class 2,dssmith.com,1
Class 2,dtac.co.th,1
Class 2,dtn.com,3
Class 2,du.edu,6
Class 2,dubicars.com,12
Class 2,dubisthalle.de,19
Class 2,ducati.com,1
Class 2,duel.me,2
Class 2,duetdisplay.com,3
Class 2,durangoherald.com,27
Class 2,dwr.com,2
Class 2,dxomark.com,1
Class 2,dynasort.io,2
Class 2,e-earphone.jp,2
Class 2,e-hoi.de,1
Class 2,eafit.edu.co,4
Class 2,earthisland.org,4
Class 2,earthnetworks.com,2
Class 2,easy.gr,2
Class 2,easycosmetic.de,2
Class 2,easyeda.com,1
Class 2,easyfungalaxy.com,1
Class 2,easyhosting.com,1
Class 2,easynews.com,2
Class 2,easysize.me,4
Class 2,eaton.com,2
Class 2,ebxcdn.com,2
Class 2,ecoflow.com,1
Class 2,ecouterradioenligne.com,23
Class 2,ecovacs.com,1
Class 2,ecsi.net,1
Class 2,edenfantasys.com,1
Class 2,edfenergy.com,1
Class 2,ediblearrangements.com,3
Class 2,edilportale.com,2
Class 2,edinburgh.gov.uk,1
Class 2,edinburghzoo.org.uk,5
Class 2,editionhotels.com,4
Class 2,editorandpublisher.com,1
Class 2,editorialmanager.com,1
Class 2,edna.io,1
Class 2,educaweb.com,1
Class 2,edulastic.com,3
Class 2,eduuolvera.com,49
Class 2,ee.co.uk,1
Class 2,eestinen.fi,5
Class 2,efset.org,5
Class 2,ehime-u.ac.jp,1
Class 2,ehu.eus,1
Class 2,eightfold.ai,2
Class 2,ejemplos.co,8
Class 2,elcolombiano.com,16
Class 2,elearningindustry.com,5
Class 2,electric.net,2
Class 2,elefanteletrado.com.br,3
Class 2,elementgames.co.uk,2
Class 2,elespectador.com,29
Class 2,elgrafico.com.ar,3
Class 2,elitedate.cz,2
Class 2,elitedate.sk,2
Class 2,elmueble.com,3
Class 2,elnuevodia.com,19
Class 2,eluniverso.com,22
Class 2,elv.com,2
Class 2,em-consulte.com,9
Class 2,embalses.net,43
Class 2,embarcadero.com,1
Class 2,emburse.com,2
Class 2,emergetools.com,1
Class 2,emergingthreats.net,1
Class 2,emeritus.org,1
Class 2,emis.com,4
Class 2,emisora.cl,15
Class 2,emisora.org.es,15
Class 2,emisoras.com.gt,18
Class 2,emisoras.com.mx,12
Class 2,emploi-collectivites.fr,1
Class 2,emporia.edu,4
Class 2,emporiaenergy.com,3
Class 2,enca.com,24
Class 2,enea.pl,1
Class 2,energo-pro.bg,2
Class 2,engie.be,1
Class 2,englandfootball.com,3
Class 2,enhencer.com,2
Class 2,enlisted.net,1
Class 2,enr.com,3
Class 2,entel.cl,2
Class 2,entorno.com,1
Class 2,eos.com,4
Class 2,ep.com,2
Class 2,epal.gg,1
Class 2,epodex.com,1
Class 2,eposlovanje.hr,1
Class 2,equinenow.com,16
Class 2,equinox.com,4
Class 2,equityapartments.com,1
Class 2,erepublik.com,3
Class 2,eronity.com,1
Class 2,eroski.es,2
Class 2,ersnet.org,1
Class 2,esbnyc.com,4
Class 2,escholarship.org,1
Class 2,eskimi.com,2
Class 2,esmadrid.com,8
Class 2,esri.com,1
Class 2,essence.com,19
Class 2,essex.ac.uk,6
Class 2,estacio.br,6
Class 2,etoro.com,1
Class 2,etsu.edu,5
Class 2,eu-startups.com,1
Class 2,eumetsat.int,1
Class 2,euractiv.com,11
Class 2,eurekaforbes.com,8
Class 2,eurobank.gr,1
Class 2,eurocert.pl,2
Class 2,eurocupid.com,3
Class 2,eurofirany.com.pl,1
Class 2,europeanbusinessreview.com,20
Class 2,europodroze.pl,4
Class 2,everlaw.com,3
Class 2,evertonfc.com,2
Class 2,everyaction.com,2
Class 2,everymarket.com,3
Class 2,evonik.com,2
Class 2,evoto.ai,3
Class 2,evrensel.net,13
Class 2,eweka.nl,1
Class 2,exame.com,4
Class 2,exceedlms-staging.com,2
Class 2,exceedlms.com,2
Class 2,exfamily.jp,3
Class 2,exosite.com,1
Class 2,exoticca.com,1
Class 2,expats.cz,1
Class 2,expediagroup.com,1
Class 2,experience.com,3
Class 2,expertmistry.com,51
Class 2,explozaogamer.com.br,13
Class 2,expo2025.or.jp,3
Class 2,extra.cw,34
Class 2,eyecloudpro.com,2
Class 2,ezebra.pl,1
Class 2,ezfacility.com,5
Class 2,ezyvet.com,2
Class 2,ezzed.com,1
Class 2,f1news.ru,33
Class 2,f45training.com,4
Class 2,fabfitfun.com,1
Class 2,factmag.com,3
Class 2,factoriadigital.com,3
Class 2,fajn-brigady.cz,1
Class 2,fama.io,4
Class 2,familynes.in,3
Class 2,familytreedna.com,1
Class 2,famousbirthdays.com,9
Class 2,fantasynamegenerators.com,2
Class 2,fantasywelt.de,2
Class 2,faphouse.com,1
Class 2,fareharbor.com,2
Class 2,farmrio.com.br,2
Class 2,fashiongo.net,3
Class 2,fastspring.com,2
Class 2,fate-go.us,3
Class 2,fathomentertainment.com,8
Class 2,fatquartershop.com,2
Class 2,faveni.edu.br,2
Class 2,fazenda.mg.gov.br,1
Class 2,fbschedules.com,24
Class 2,feedblitz.com,1
Class 2,feefo.com,3
Class 2,fellowproducts.com,1
Class 2,ferragamo.com,2
Class 2,ferryhopper.com,1
Class 2,feuerwehrspiel.de,8
Class 2,feversave.com,2
Class 2,fex.net,7
Class 2,fhaccess.com,1
Class 2,fhchannel.com,1
Class 2,fhcontent.com,1
Class 2,fhsu.edu,5
Class 2,fibbl.com,5
Class 2,fideliscare.org,4
Class 2,fiftyt.com,2
Class 2,figc.it,4
Class 2,filepuma.com,35
Class 2,filipinocupid.com,2
Class 2,finalsite.com,2
Class 2,finalsite.net,2
Class 2,findly.com,2
Class 2,findmykids.org,1
Class 2,fing.com,3
Class 2,fing.io,3
Class 2,finra.org,4
Class 2,fireflies.ai,3
Class 2,firstbanknigeria.com,4
Class 2,firstcitizens.com,2
Class 2,firstmedia.com,3
Class 2,firstshowing.net,16
Class 2,firsturl.de,2
Class 2,fiserv.com,3
Class 2,fite.tv,1
Class 2,fitnyc.edu,2
Class 2,fittingbox.com,3
Class 2,fixthephoto.com,1
Class 2,flexclip.com,1
Class 2,flexdental.co,3
Class 2,flexera.com,1
Class 2,flexiquiz.com,1
Class 2,flexmls.com,1
Class 2,flightera.net,2
Class 2,flightsim.to,13
Class 2,flightstats.com,5
Class 2,flipp.com,5
Class 2,flix360.com,1
Class 2,flixcar.com,1
Class 2,flockler.com,1
Class 2,flockmail.com,3
Class 2,flowmailer.net,3
Class 2,flowwow.com,2
Class 2,fluentu.com,6
Class 2,fluke.com,1
Class 2,flybondi.com,2
Class 2,flydubai.com,1
Class 2,flysaa.com,1
Class 2,fmgsuite.com,3
Class 2,focusfeatures.com,4
Class 2,fogodechao.com,3
Class 2,foleon.com,1
Class 2,folhape.com.br,13
Class 2,folhavitoria.com.br,11
Class 2,fomo.com,1
Class 2,fondationlouisvuitton.fr,2
Class 2,foodbusinessnews.net,7
Class 2,foodrevolution.org,2
Class 2,foodsdictionary.co.il,14
Class 2,fool.ca,14
Class 2,footasylum.com,1
Class 2,forbes.com.br,9
Class 2,forcesnews.com,12
Class 2,ford.com.ph,2
Class 2,fordauthority.com,44
Class 2,fordham.edu,8
Class 2,foreignpolicy.com,16
Class 2,foreo.com,2
Class 2,forksoverknives.com,4
Class 2,forpsi.com,1
Class 2,forpsi.cz,1
Class 2,forpsi.net,1
Class 2,forpsi.pl,1
Class 2,fortress.com.hk,2
Class 2,fortunable.com,19
Class 2,foundationcenter.org,1
Class 2,foundit.in,10
Class 2,foundryusapool.com,1
Class 2,fourteenfish.com,1
Class 2,fozzy.com,2
Class 2,fpjs.io,2
Class 2,francfranc.com,3
Class 2,franklin.edu,3
Class 2,freedom.to,1
Class 2,freedomscientific.com,5
Class 2,freename.io,2
Class 2,fresha.com,1
Class 2,fresho.com,2
Class 2,fridayparts.com,1
Class 2,frizbit.com,2
Class 2,frontify.com,2
Class 2,fruits.co,2
Class 2,fruitshappy.com,9
Class 2,fsit.ch,1
Class 2,ftadviser.com,16
Class 2,ftdichip.com,2
Class 2,fujifilm-x.com,4
Class 2,fulbrightonline.org,1
Class 2,funaitools.com,15
Class 2,fundednext.com,2
Class 2,fundingpips.com,2
Class 2,fungames-forfree.com,1
Class 2,funnyordie.com,5
Class 2,funpot.net,6
Class 2,furu1.online,8
Class 2,fusionfabric.cloud,1
Class 2,fwi.co.uk,11
Class 2,fxblue.com,7
Class 2,g20.org,1
Class 2,g4skins.com,2
Class 2,ga.com,2
Class 2,gaconnector.com,1
Class 2,gadsme.com,1
Class 2,gamedev.net,5
Class 2,gamedle.wtf,4
Class 2,gameguardian.net,12
Class 2,gamehouse.com,9
Class 2,gamemasha.com,31
Class 2,gamepeppa.com,20
Class 2,gameplayscassi.com.br,3
Class 2,gamerescape.com,24
Class 2,gamespeppa.com,22
Class 2,gamesyy.com,30
Class 2,gametwist.com,1
Class 2,gaminglabs.com,3
Class 2,garagejournal.com,22
Class 2,gardenseedsmarket.com,2
Class 2,garmentory.com,1
Class 2,garuda-indonesia.com,6
Class 2,gate1travel.com,3
Class 2,gatedcontent.com,2
Class 2,gatotv.com,54
Class 2,gayfute.com,1
Class 2,gazetaesportiva.com,17
Class 2,gazetasp.com.br,14
Class 2,gbets.co.za,5
Class 2,gcash.com,2
Class 2,ge.com,2
Class 2,gear4music.com,1
Class 2,geckoboard.com,3
Class 2,geekflare.com,3
Class 2,geelybrasil.com.br,4
Class 2,geetmanjusha.com,17
Class 2,gem.com,1
Class 2,gemrockauctions.com,2
Class 2,genengnews.com,12
Class 2,gener8ads.com,4
Class 2,generali.it,1
Class 2,geneseo.edu,3
Class 2,genesis-eshop.cz,1
Class 2,geosociety.org,2
Class 2,gestorvet.com,4
Class 2,getangler.ai,2
Class 2,getbring.com,1
Class 2,getchu.com,1
Class 2,getdbt.com,1
Class 2,getelevar.com,2
Class 2,getfreed.ai,2
Class 2,gethypr.com,1
Class 2,getjobber.com,1
Class 2,getmulberry.com,3
Class 2,getredo.com,1
Class 2,getwarmly.com,3
Class 2,getweave.com,1
Class 2,ggpoker.com,3
Class 2,ggstandoff.ninja,2
Class 2,ggstandoff.pro,2
Class 2,giesswein.com,2
Class 2,giffords.org,8
Class 2,gifft.me,11
Class 2,giftpad.jp,1
Class 2,gigabyte.com,3
Class 2,gigacloud.ua,2
Class 2,gigaom.com,2
Class 2,gigasena.com.br,6
Class 2,gigaserver.cz,4
Class 2,gingrapp.com,2
Class 2,giocodigitale.it,1
Class 2,giosg.com,1
Class 2,glami.cz,5
Class 2,glami.gr,5
Class 2,glami.hu,6
Class 2,glami.sk,6
Class 2,glasswire.com,3
Class 2,glavcom.ua,11
Class 2,glia.com,2
Class 2,glico.com,1
Class 2,global.honda,2
Class 2,global.sharp,3
Class 2,globalcitizen.org,4
Class 2,globalknowledge.com,4
Class 2,globalsecurity.org,9
Class 2,globalsouthopportunities.com,41
Class 2,globalwebindex.net,2
Class 2,glopal.com,2
Class 2,glossy.co,10
Class 2,gmauthority.com,10
Class 2,gmfus.org,1
Class 2,goadopt.io,9
Class 2,gobiz.co.id,2
Class 2,gofoodmerchant.co.id,2
Class 2,goguardian.com,3
Class 2,goldmansachs.com,2
Class 2,goldrush.co.za,6
Class 2,gomotive.com,1
Class 2,gonoodle.com,1
Class 2,goodbarber.com,4
Class 2,goodsmile.com,2
Class 2,goodwill.org,3
Class 2,goodyear.eu,1
Class 2,gopenske.com,1
Class 2,gopigment.com,2
Class 2,gorodvo.ru,15
Class 2,gostudiopro.com,2
Class 2,gotokyo.org,2
Class 2,gov.gr,1
Class 2,govee.com,4
Class 2,governing.com,5
Class 2,govplanet.com,1
Class 2,govtech.com,14
Class 2,gradesaver.com,6
Class 2,gramophone.co.uk,10
Class 2,grancanaria.com,4
Class 2,grandstream.com,1
Class 2,graphis.com,2
Class 2,grass.io,2
Class 2,gratis-sexnoveller.dk,1
Class 2,grcsolutions.io,1
Class 2,greatpages.com.br,3
Class 2,greatplacetowork.com,2
Class 2,greenbiz.com,2
Class 2,greenwichmeantime.com,2
Class 2,greetingsisland.com,18
Class 2,griffinmsi.org,2
Class 2,grist.org,16
Class 2,grosvenorcasinos.com,1
Class 2,groundtruth.com,2
Class 2,growsurf.com,1
Class 2,grubbrr.com,3
Class 2,grupoboticario.com.br,3
Class 2,gruposbf.com.br,3
Class 2,gtbank.com,4
Class 2,guessthe.game,8
Class 2,guesty.com,3
Class 2,guggenheim-bilbao.eus,1
Class 2,guggenheim.org,3
Class 2,guidestar.org,1
Class 2,guidewire.com,1
Class 2,gulfair.com,4
Class 2,gundam-base.net,3
Class 2,gunze.jp,14
Class 2,gupy.io,6
Class 2,gurtam.com,1
Class 2,guttmacher.org,2
Class 2,gwi.com,2
Class 2,gymshark.com,2
Class 2,ha.rs,3
Class 2,habitat.org,1
Class 2,hackaday.com,4
Class 2,hallbook.com.br,18
Class 2,halloweencostumes.com,2
Class 2,hanze.nl,2
Class 2,hapara.com,3
Class 2,happyfoxchat.com,2
Class 2,hardrockhotels.com,2
Class 2,harpercollins.co.uk,1
Class 2,harveynorman.ie,6
Class 2,hasaki.vn,3
Class 2,haven.com,1
Class 2,hcamag.com,14
Class 2,hcl-software.com,2
Class 2,hcltechsw.com,2
Class 2,hdontap.com,5
Class 2,health-time.com,4
Class 2,healthcarefinancenews.com,15
Class 2,healthcareitnews.com,13
Class 2,healthday.com,16
Class 2,healthnet.com,4
Class 2,heap.io,1
Class 2,heapanalytics.com,4
Class 2,heart.org,1
Class 2,hearthdisplay.com,2
Class 2,heartinternet.uk,1
Class 2,heatmap.com,3
Class 2,hebe.pl,1
Class 2,heimdalsecurity.com,1
Class 2,helium10.com,2
Class 2,hellenicshippingnews.com,24
Class 2,helvetia.es,3
Class 2,hematology.org,2
Class 2,henden.top,19
Class 2,hering.com.br,3
Class 2,hermanmiller.com,1
Class 2,heromotocorp.com,4
Class 2,hexanet.fr,1
Class 2,hfboards.com,4
Class 2,highlandradio.com,22
Class 2,hip2save.com,22
Class 2,hireright.com,4
Class 2,hireright.net,4
Class 2,hirslanden.ch,2
Class 2,historyhit.com,2
Class 2,historytoday.com,4
Class 2,hitachienergy.com,2
Class 2,hive.co,1
Class 2,hivehome.com,6
Class 2,hkexpress.com,3
Class 2,hktdc.com,3
Class 2,hl7.org,2
Class 2,hlj.com,1
Class 2,hmpgloballearningnetwork.com,5
Class 2,hockeyslovakia.sk,14
Class 2,hockeystack.com,1
Class 2,hodes.com,2
Class 2,hodinkee.com,14
Class 2,hogent.be,1
Class 2,hokuohkurashi.com,3
Class 2,holidayextras.com,3
Class 2,holidify.com,6
Class 2,holidu.com,2
Class 2,hollandandbarrett.nl,1
Class 2,hollywoodlife.com,10
Class 2,holvi.com,2
Class 2,homeexchange.com,1
Class 2,homeexchange.fr,1
Class 2,homematic.com,2
Class 2,hommbitkisel.com.tr,1
Class 2,hornet.com,2
Class 2,horseracingnation.com,20
Class 2,host4.biz,3
Class 2,hostalia.com,1
Class 2,hostingperte.it,2
Class 2,hostprofis.com,4
Class 2,hoststar.ch,4
Class 2,hotfrog.com,13
Class 2,hotjar.com,3
Class 2,hotlink.com.br,1
Class 2,hover.to,1
Class 2,howdens.com,1
Class 2,hoxx.com,38
Class 2,hqporner.com,1
Class 2,hse.gov.uk,1
Class 2,hsj.co.uk,5
Class 2,htmlcolorcodes.com,15
Class 2,hubsoft.com.br,3
Class 2,hubstaff.com,2
Class 2,hudabeauty.com,2
Class 2,hum.works,7
Class 2,humanesociety.org,1
Class 2,humaneworld.org,1
Class 2,hungama.com,10
Class 2,hunqz.com,1
Class 2,hunter.io,3
Class 2,huntress.com,2
Class 2,hushmail.com,1
Class 2,huttotxroofrepair.com,1
Class 2,hyattinclusivecollection.com,2
Class 2,hypothes.is,3
Class 2,hypr.com,1
Class 2,iaaf.org,2
Class 2,iac.es,1
Class 2,iam.ma,2
Class 2,ibanet.org,1
Class 2,ibc.org,3
Class 2,iberia.com,2
Class 2,ibfc.org.br,5
Class 2,ibiunet.com.br,2
Class 2,icc-cricket.com,11
Class 2,iccsafe.org,1
Class 2,iceland.co.uk,3
Class 2,icheckmovies.com,9
Class 2,iclei.org,1
Class 2,iclinic.com.br,4
Class 2,iconmonstr.com,1
Class 2,icp.org,3
Class 2,idea.int,1
Class 2,idealmedia.io,21
Class 2,idmarket.com,1
Class 2,idp.com,4
Class 2,ids.ac.uk,2
Class 2,iec.ch,1
Class 2,iese.edu,7
Class 2,ifastnet.com,1
Class 2,ifaw.org,3
Class 2,ifit.com,1
Class 2,iglucruise.com,1
Class 2,ignacioonline.com.ar,41
Class 2,iheartdogs.com,5
Class 2,ihi.org,2
Class 2,iie.org,2
Class 2,ikea.com.tr,3
Class 2,ikea.gr,1
Class 2,ikentoo.com,1
Class 2,imagekit.io,1
Class 2,imagentv.com,10
Class 2,imagine.art,2
Class 2,imd.org,2
Class 2,imleagues.com,8
Class 2,imlive.com,1
Class 2,immersivetranslate.com,2
Class 2,immigrantinvest.com,3
Class 2,immonot.com,3
Class 2,imperva.com,1
Class 2,imprivata.com,2
Class 2,inauth.com,1
Class 2,inbet.com,1
Class 2,incomm.com,1
Class 2,incrussia.ru,1
Class 2,indicue.com,5
Class 2,indiebound.org,1
Class 2,indstate.edu,4
Class 2,influ2.com,1
Class 2,info-car.pl,1
Class 2,infobus.eu,1
Class 2,infoq.com,2
Class 2,infosecurity-magazine.com,11
Class 2,ingentaconnect.com,5
Class 2,ingramspark.com,1
Class 2,inkfrog.com,10
Class 2,inkling.com,1
Class 2,inksoft.com,1
Class 2,inlinemanual.com,2
Class 2,inmar.com,1
Class 2,inmarsat.com,3
Class 2,inmobi.com,2
Class 2,inmotionhosting.com,2
Class 2,inpixio.com,3
Class 2,inpost.es,4
Class 2,insiderstore.com.br,3
Class 2,insightsoftware.com,1
Class 2,inspireuplift.com,3
Class 2,instant.audio,21
Class 2,instantly.ai,2
Class 2,instituteforgovernment.org.uk,4
Class 2,institutionalinvestor.com,8
Class 2,insynchcs.com,1
Class 2,intakeq.com,2
Class 2,intapp.com,1
Class 2,inteligo.pl,1
Class 2,intelligems.io,2
Class 2,intellinews.com,31
Class 2,interfolio.com,2
Class 2,interiordesign.net,15
Class 2,intermedia.com,1
Class 2,intermedia.net,1
Class 2,internationalcupid.com,2
Class 2,interracialcupid.com,2
Class 2,intersport.gr,1
Class 2,intersport.ro,3
Class 2,intralinks.com,1
Class 2,intranetmall.com,1
Class 2,invesco.com,3
Class 2,investingnews.com,12
Class 2,investis.com,2
Class 2,investmentnews.com,6
Class 2,iob.com.br,2
Class 2,iolo.com,1
Class 2,ionos.fr,1
Class 2,ip2location.com,1
Class 2,ipinfo.io,2
Class 2,iplogger.org,25
Class 2,ipstack.com,3
Class 2,iq.pl,3
Class 2,iqsdirectory.com,1
Class 2,iris.tv,5
Class 2,ironcladapp.com,2
Class 2,ironplanet.com,1
Class 2,ironwallet.io,2
Class 2,isgood.host,2
Class 2,isimtescil.net,2
Class 2,islambook.com,19
Class 2,islamicfinder.org,27
Class 2,island.io,2
Class 2,ispringsolutions.com,3
Class 2,iste.org,9
Class 2,isu.edu,3
Class 2,itboost.com,5
Class 2,itokin.net,6
Class 2,its.co.uk,2
Class 2,itself.cz,2
Class 2,itsnicethat.com,13
Class 2,ivillage.com,7
Class 2,ixon.cloud,3
Class 2,jackpotcity.co.za,4
Class 2,jackpotcitycasino.com,1
Class 2,jackpotrabbit.com,7
Class 2,jacobin.com,7
Class 2,jacobinmag.com,5
Class 2,jacobs.com,1
Class 2,jalopyjournal.com,14
Class 2,jam.dev,2
Class 2,jamaicaobserver.com,37
Class 2,jamesallen.com,2
Class 2,janegoodall.org,4
Class 2,janushenderson.com,2
Class 2,javeriana.edu.co,3
Class 2,jbhunt.com,2
Class 2,jcu.cz,3
Class 2,jebbit.com,2
Class 2,jeinzmacias.cx,4
Class 2,jewishinsider.com,5
Class 2,jfempregos.com.br,17
Class 2,jhuapl.edu,2
Class 2,jins.com,4
Class 2,jivosite.com,3
Class 2,jivox.com,1
Class 2,jjshouse.com,1
Class 2,jkrowling.com,1
Class 2,jlcpcb.com,2
Class 2,jnj.com,1
Class 2,jns.org,3
Class 2,jnto.go.jp,1
Class 2,jobdiva.com,3
Class 2,jobilize.com,7
Class 2,joblo.com,8
Class 2,jobloza.com,28
Class 2,jobs.ac.uk,1
Class 2,jobscan.co,12
Class 2,jobstreet.com.sg,2
Class 2,joebrowns.co.uk,1
Class 2,jogossantacasa.pt,4
Class 2,joinblink.com,3
Class 2,joinnus.com,12
Class 2,jooble.org,2
Class 2,journalofaccountancy.com,8
Class 2,jovempan.com.br,10
Class 2,joybird.com,2
Class 2,joytunes.com,1
Class 2,jpcycles.com,1
Class 2,jpn.pioneer,2
Class 2,jsonformatter.org,45
Class 2,jumbo.cl,8
Class 2,junglescout.com,2
Class 2,juniperresearch.com,1
Class 2,jupiterone.io,1
Class 2,justcall.io,2
Class 2,justuno.com,1
Class 2,jwu.edu,7
Class 2,kahoona.io,1
Class 2,kaikatsu.jp,13
Class 2,kaleido.ai,1
Class 2,kansashealthsystem.com,1
Class 2,kao-kirei.com,6
Class 2,kargo.com,1
Class 2,kartra.com,2
Class 2,kaufmich.com,1
Class 2,kavak.com,3
Class 2,kavehome.com,1
Class 2,kazar.com,1
Class 2,kcom.com,2
Class 2,keenfootwear.com,4
Class 2,keil.com,2
Class 2,keka.com,5
Class 2,kempinski.com,1
Class 2,kenect.com,4
Class 2,kenya-airways.com,6
Class 2,kenyans.co.ke,24
Class 2,keurigonline.nl,3
Class 2,keyfactorpki.com,1
Class 2,kfupm.edu.sa,2
Class 2,kick.com,2
Class 2,kidde.com,4
Class 2,kirkusreviews.com,13
Class 2,kit.co,3
Class 2,kiwa.com,2
Class 2,klasthome.com,2
Class 2,knak.io,1
Class 2,knockrentals.com,1
Class 2,kodeco.com,3
Class 2,kodekloud.com,3
Class 2,komoju.com,6
Class 2,kompanionki.bg,1
Class 2,konnektive.com,2
Class 2,koodomobile.com,3
Class 2,kprofiles.com,15
Class 2,kraftheinzcompany.com,1
Class 2,krafton.com,1
Class 2,kreativmedia.ch,2
Class 2,kru.pl,1
Class 2,ku.edu.tr,1
Class 2,kubiobuilder.com,1
Class 2,kucoin.com,2
Class 2,kuleuven.be,2
Class 2,kuronekoyamato.co.jp,1
Class 2,kyero.com,1
Class 2,la-boite-immo.fr,4
Class 2,lacemade.com,8
Class 2,ladbible.com,2
Class 2,ladesk.com,1
Class 2,laerdal.com,2
Class 2,lafm.com.co,20
Class 2,laiguana.tv,1
Class 2,laimoon.com,3
Class 2,lakeland.co.uk,1
Class 2,lambdatest.com,4
Class 2,lamma.toscana.it,1
Class 2,landsend.co.uk,1
Class 2,landsend.com,1
Class 2,landsend.de,1
Class 2,lapalingo.de,2
Class 2,lascana.com,2
Class 2,laststicker.com,4
Class 2,lastwordonsports.com,24
Class 2,latana.com,2
Class 2,laterooms.com,2
Class 2,latinamericancupid.com,2
Class 2,latribuna.hn,18
Class 2,laundrynation.com,1
Class 2,law.com,9
Class 2,lawbhoomi.com,13
Class 2,laweekly.com,23
Class 2,lbcgroup.tv,26
Class 2,leaddesk.com,1
Class 2,leaddyno.com,3
Class 2,leadforensics.com,2
Class 2,leadpages.co,3
Class 2,leadpages.io,3
Class 2,leadsrx.com,4
Class 2,lear.com,1
Class 2,lecom.com.br,3
Class 2,leenkup.com,6
Class 2,leevalley.com,2
Class 2,legimi.pl,2
Class 2,lematin.ma,19
Class 2,lensculture.com,2
Class 2,lensmartonline.com,3
Class 2,leonardo-hotels.com,1
Class 2,leroymerlin.gr,1
Class 2,lets.shop,2
Class 2,letsenhance.io,1
Class 2,level27.eu,2
Class 2,levelset.com,3
Class 2,leviton.com,1
Class 2,levvvel.com,7
Class 2,lexer.io,3
Class 2,lexmark.com,2
Class 2,liberta.it,10
Class 2,libri.hu,6
Class 2,libsyn.com,2
Class 2,life123.com,14
Class 2,lifelock.com,9
Class 2,lifestylesports.com,2
Class 2,liftoff.io,3
Class 2,lightningmaps.org,19
Class 2,lightricks.com,1
Class 2,lightspeedhq.com,1
Class 2,lightspeedsystems.com,1
Class 2,limburger.nl,11
Class 2,lincoln.ac.uk,2
Class 2,linkedhelper.com,2
Class 2,linkme.global,2
Class 2,linx.com.br,4
Class 2,lionbrand.com,3
Class 2,lionbridge.com,2
Class 2,lipsum.com,9
Class 2,literatureandlatte.com,2
Class 2,litfl.com,3
Class 2,litmus.com,1
Class 2,litoralulromanesc.ro,4
Class 2,littelfuse.com,2
Class 2,littlecaesars.com,1
Class 2,littlefreelibrary.org,2
Class 2,littleleague.org,5
Class 2,littlewoods.com,1
Class 2,liveagent.com,1
Class 2,liveauctioneers.com,2
Class 2,liveu.tv,3
Class 2,livgolf.com,4
Class 2,lnt.org,2
Class 2,local.com,5
Class 2,localiza.com,12
Class 2,locondo.jp,2
Class 2,loftliving.com,1
Class 2,lofty.com,1
Class 2,loggly.com,3
Class 2,logical.net,2
Class 2,logicmonitor.com,2
Class 2,loginradius.com,3
Class 2,logishotels.com,3
Class 2,logo.com,1
Class 2,logopond.com,13
Class 2,lokalise.com,1
Class 2,londoneye.com,2
Class 2,looka.com,4
Class 2,looperman.com,15
Class 2,loot.co.za,6
Class 2,loox.io,3
Class 2,lorealparis.co.in,2
Class 2,lorealprofessionnel.in,3
Class 2,loto.ro,1
Class 2,lottery.ie,2
Class 2,lotus.com,2
Class 2,lovense.com,4
Class 2,lovesac.com,1
Class 2,loyaltylion.com,1
Class 2,lpages.co,3
Class 2,lpderecho.pe,6
Class 2,ls.app,2
Class 2,lse.ac.uk,1
Class 2,ludopedia.com.br,5
Class 2,lumc.nl,2
Class 2,lumenlearning.com,1
Class 2,luminpdf.com,2
Class 2,lutron.com,1
Class 2,luvvoice.com,5
Class 2,luxmed.pl,2
Class 2,lwolf.com,6
Class 2,lyrhub.com,14
Class 2,macduggal.com,2
Class 2,macfound.org,1
Class 2,machinerytrader.com,5
Class 2,mackenzie.br,4
Class 2,macmillanlearning.com,1
Class 2,made-in-china.com,2
Class 2,madeiramadeira.com.br,4
Class 2,maestro.io,3
Class 2,mageworx.com,1
Class 2,magicmadhouse.co.uk,3
Class 2,magnumphotos.com,1
Class 2,mail.tm,3
Class 2,mailguard.com.au,2
Class 2,mailkit.eu,3
Class 2,mailmunch.com,1
Class 2,mailplus.nl,3
Class 2,maissbt.com,1
Class 2,makeheadway.com,4
Class 2,makezine.com,12
Class 2,makfax.com.mk,4
Class 2,mallaky.com,48
Class 2,maltatoday.com.mt,15
Class 2,mammothmountain.com,2
Class 2,managebuilding.com,1
Class 2,manchesterairport.co.uk,1
Class 2,mancity.com,1
Class 2,mandarinoriental.com,2
Class 2,mandatory.com,18
Class 2,mandmdirect.com,1
Class 2,mangolanguages.com,1
Class 2,mangools.com,2
Class 2,manualsdir.com,27
Class 2,manucurist.com,2
Class 2,manyavar.com,2
Class 2,mapfre.com.br,1
Class 2,maplin.co.uk,2
Class 2,mapsofworld.com,23
Class 2,marapets.com,4
Class 2,marcheingol.it,6
Class 2,marchofdimes.org,3
Class 2,marcos.com,2
Class 2,mariadb.com,1
Class 2,marines.com,5
Class 2,marketingland.com,7
Class 2,marketingprofs.com,3
Class 2,marketlinc.com,2
Class 2,markets.com,4
Class 2,markformelle.by,2
Class 2,marktechpost.com,4
Class 2,martech.org,11
Class 2,marubeni.com,1
Class 2,maryville.edu,2
Class 2,mascus.com,2
Class 2,maserati.com,1
Class 2,mashagame.com,21
Class 2,mashalearning.com,26
Class 2,mashaquiz.com,30
Class 2,mashvisor.com,4
Class 2,massageenvy.com,2
Class 2,mathsonline.com.au,6
Class 2,matichon.co.th,8
Class 2,mauritshuis.nl,1
Class 2,mavenlink.com,2
Class 2,mayerbrown.com,1
Class 2,mcxlive.org,10
Class 2,mdaemon.com,3
Class 2,mdbootstrap.com,10
Class 2,me-qr.com,2
Class 2,medcitynews.com,8
Class 2,mediamister.com,3
Class 2,medicaldialogues.in,3
Class 2,medicamentosplm.com,3
Class 2,mediotiempo.com,21
Class 2,mee6.xyz,3
Class 2,meedia.de,16
Class 2,meetsoci.com,2
Class 2,megabad.com,2
Class 2,megapath.com,1
Class 2,meioemensagem.com.br,2
Class 2,mejuri.com,2
Class 2,melbourneit.com.au,2
Class 2,melee.gg,1
Class 2,memberpress.com,2
Class 2,memphis.edu,6
Class 2,meneercasino.com,2
Class 2,mensxp.com,10
Class 2,mentalhealthfirstaid.org,5
Class 2,mercatopoli.it,3
Class 2,merchantos.com,1
Class 2,merit.net,3
Class 2,meritb2b.com,3
Class 2,meross.com,6
Class 2,mersive.com,1
Class 2,meta00s.com,22
Class 2,meta10s.com,21
Class 2,meta1s.com,21
Class 2,meta2kids.com,23
Class 2,metadata.io,3
Class 2,metakidsplay.com,14
Class 2,metallica.com,10
Class 2,meteogroup.com,2
Class 2,meteogroup.de,2
Class 2,metroopinion.com,21
Class 2,metropolismag.com,11
Class 2,mgid.com,2
Class 2,mhvillage.com,6
Class 2,mibrasil.com.br,3
Class 2,microhost.pl,2
Class 2,microvix.com.br,4
Class 2,middleeasteye.net,12
Class 2,mikmak.ai,3
Class 2,mikmak.tv,3
Class 2,mikweb.com.br,2
Class 2,milanote.com,1
Class 2,milb.com,8
Class 2,milieucentraal.nl,1
Class 2,military.pl,1
Class 2,milkeninstitute.org,2
Class 2,millicast.com,5
Class 2,million.ro,2
Class 2,millipiyangoonline.com,8
Class 2,mindvalley.com,2
Class 2,minecraft-heads.com,8
Class 2,mingpao.com,24
Class 2,ministrybrands.com,1
Class 2,mir4global.com,5
Class 2,miricanvas.com,4
Class 2,missacc.com,2
Class 2,mitrade.com,3
Class 2,mitsubishimotors.com.br,2
Class 2,mitsui.com,1
Class 2,mku.ac.ke,1
Class 2,mlb.com,15
Class 2,mlbemail.com,11
Class 2,mms.com,2
Class 2,mobalytics.gg,8
Class 2,mobihealthnews.com,15
Class 2,mobilevikings.be,3
Class 2,mobilityware.com,12
Class 2,modernfarmer.com,2
Class 2,modmed.com,1
Class 2,mohfw.gov.in,1
Class 2,mojewypieki.com,24
Class 2,moloco.com,2
Class 2,moloni.pt,2
Class 2,momence.com,4
Class 2,momentumdash.com,1
Class 2,momtastic.com,17
Class 2,mondialrelay.be,4
Class 2,mondialrelay.fr,4
Class 2,mondly.com,1
Class 2,mondragon.edu,4
Class 2,moneylion.com,4
Class 2,monkeytype.com,5
Class 2,monochrome-watches.com,14
Class 2,monosnap.com,1
Class 2,monotote.com,3
Class 2,monsterinsights.com,2
Class 2,moodmedia.com,3
Class 2,moodo.pl,5
Class 2,moonpig.com,5
Class 2,mopinion.com,2
Class 2,morgen.so,1
Class 2,morinaga.co.jp,1
Class 2,mot.com,1
Class 2,motherjones.com,17
Class 2,motorola.com,1
Class 2,mountain.com,1
Class 2,mountainwarehouse.com,2
Class 2,mouseflow.com,2
Class 2,movavi.com,2
Class 2,movavi.net,2
Class 2,movember.com,4
Class 2,movistarplus.es,1
Class 2,mozello.com,1
Class 2,mpaa.org,3
Class 2,mpamag.com,14
Class 2,msichicago.org,2
Class 2,mspy.com,1
Class 2,mtbiker.sk,1
Class 2,mtn.co.za,1
Class 2,mtnbusiness.co.za,2
Class 2,muchmore.digital,3
Class 2,museum.wales,2
Class 2,music-worx.com,1
Class 2,musicbed.com,5
Class 2,musicbusinessworldwide.com,8
Class 2,musixmatch.com,3
Class 2,muslima.com,2
Class 2,mutualart.com,1
Class 2,my-hammer.de,2
Class 2,my3cx.de,2
Class 2,mybirdbuddy.com,2
Class 2,mybook.to,3
Class 2,mybuilder.com,2
Class 2,mycharisma.com,8
Class 2,mydevil.net,2
Class 2,myfin.by,2
Class 2,myfxbook.com,12
Class 2,myget.org,2
Class 2,mygreatlearning.com,1
Class 2,myhorsez.com,1
Class 2,mylaps.com,2
Class 2,mym.fans,3
Class 2,myrealpage.com,2
Class 2,myschoolapp.com,3
Class 2,mysnep.com,3
Class 2,mysympleloan.com,2
Class 2,myvue.com,5
Class 2,mywhc.ca,1
Class 2,mzcr.cz,2
Class 2,na-kd.com,2
Class 2,nada.org,7
Class 2,nadaguides.com,11
Class 2,naeyc.org,3
Class 2,nafsa.org,3
Class 2,nagoyatv.com,13
Class 2,nalandaglobal.com,1
Class 2,nameberry.com,13
Class 2,nanabianca.it,2
Class 2,nanocad.com,1
Class 2,napper.app,1
Class 2,naranjatec.com,1
Class 2,nasscom.in,1
Class 2,nasuni.com,2
Class 2,national-u.edu.ph,2
Class 2,nationalacademies.org,2
Class 2,nationalcrimeagency.gov.uk,2
Class 2,nationaleczema.org,2
Class 2,nationalgeographicbrasil.com,10
Class 2,nationalgeographicla.com,2
Class 2,nationalgrid.com,1
Class 2,nationalmssociety.org,2
Class 2,nationalreview.com,15
Class 2,nationaltrust.org.uk,2
Class 2,nationalww2museum.org,3
Class 2,natlawreview.com,24
Class 2,natura.com.br,9
Class 2,naturaldiamonds.com,14
Class 2,naturallife.com,1
Class 2,natureetdecouvertes.com,2
Class 2,navixy.com,3
Class 2,navixy.ru,2
Class 2,nbc.com,2
Class 2,nbcnews.com,17
Class 2,nbcolympics.com,5
Class 2,neat.no,1
Class 2,nebulus.biz,2
Class 2,nec.com,1
Class 2,nedbank.co.za,3
Class 2,neftegaz.ru,1
Class 2,nema.org,4
Class 2,neodatagroup.com,2
Class 2,neowin.net,12
Class 2,nerdwallet.com,3
Class 2,net2phone.com,3
Class 2,netacad.com,1
Class 2,netcracker.com,1
Class 2,netdocuments.com,1
Class 2,neterra.net,3
Class 2,netguru.com,2
Class 2,nethost.cz,2
Class 2,netic.dk,2
Class 2,netmarble.com,1
Class 2,netnation.com,2
Class 2,netpulse.com,1
Class 2,netradyne.com,1
Class 2,networkforgood.com,2
Class 2,networkforgood.org,2
Class 2,netwrix.com,1
Class 2,neuprime.com,1
Class 2,newrez.com,2
Class 2,news12.com,10
Class 2,newsgroup.ninja,1
Class 2,newshosting.com,2
Class 2,newsvine.com,10
Class 2,newtis.info,11
Class 2,nexi.it,3
Class 2,nexo.com,2
Class 2,nexon.com,4
Class 2,nezavisne.com,14
Class 2,nfldraftbuzz.com,7
Class 2,ngpvan.com,2
Class 2,nhathuoclongchau.com.vn,3
Class 2,nhs.wales,1
Class 2,nic.cat,2
Class 2,nic.ec,2
Class 2,nifty.com,14
Class 2,nigeriapropertycentre.com,8
Class 2,nightfall.ai,2
Class 2,ninjaone.com,1
Class 2,ninjarmm.com,1
Class 2,nintendoworldreport.com,6
Class 2,nishinippon.co.jp,12
Class 2,nissan-global.com,1
Class 2,nissannews.com,4
Class 2,nngroup.com,2
Class 2,nobodyschild.com,2
Class 2,nohesi.gg,1
Class 2,nola.gov,4
Class 2,nominaltechno.com,3
Class 2,nooks.in,2
Class 2,nordblanc.com,3
Class 2,norkon.net,3
Class 2,northumbria.ac.uk,3
Class 2,noteflight.com,3
Class 2,notthebee.com,1
Class 2,novapost.com,3
Class 2,novelship.com,3
Class 2,novofon.com,2
Class 2,novofon.ru,2
Class 2,npaw.com,1
Class 2,nrg.com,2
Class 2,nt.technology,3
Class 2,nta.co.jp,6
Class 2,nts.live,2
Class 2,nttdataservices.com,1
Class 2,nucleus.com,1
Class 2,nuffieldhealth.com,3
Class 2,nulab.com,2
Class 2,nuovopay.com,1
Class 2,nutritiongeeks.co,3
Class 2,nutrium.com,1
Class 2,nutshell.com,4
Class 2,nvent.com,1
Class 2,nwf.org,2
Class 2,nybg.org,2
Class 2,nybooks.com,18
Class 2,nycgo.com,7
Class 2,nyctourism.com,17
Class 2,oabsp.org.br,1
Class 2,obama.org,1
Class 2,objectrocket.com,1
Class 2,obsec.io,4
Class 2,obsec.us,4
Class 2,oceanpayment.com,1
Class 2,oct8ne.com,3
Class 2,octadesk.services,2
Class 2,octobrowser.net,2
Class 2,odbm.org,2
Class 2,odfl.com,2
Class 2,odisseias.com,2
Class 2,odnaminyta.com,8
Class 2,oechsle.pe,3
Class 2,ofarmakopoiosmou.gr,3
Class 2,officer.com,1
Class 2,oficialdroid.com.br,25
Class 2,ofx.com,1
Class 2,ogj.com,2
Class 2,oilprice.com,10
Class 2,okfurniture.co.za,3
Class 2,oko.press,2
Class 2,okt.to,2
Class 2,oktopost.com,2
Class 2,oldmutual.co.za,4
Class 2,olight.com,2
Class 2,olist.com,4
Class 2,ollies.com,1
Class 2,olympic.ca,5
Class 2,olympic.org,6
Class 2,olympicchannel.com,7
Class 2,olympics.com,13
Class 2,omanair.com,4
Class 2,omg.org,1
Class 2,omgnhosting.com,1
Class 2,omgubuntu.co.uk,26
Class 2,omnibees.com,3
Class 2,omron.com,2
Class 2,omsystem.com,4
Class 2,on1.com,4
Class 2,on24.com,2
Class 2,one-piece.com,1
Class 2,one.com,2
Class 2,one.one,2
Class 2,onepage.io,1
Class 2,onepage.me,1
Class 2,onepercentfortheplanet.org,2
Class 2,oneractive.com,1
Class 2,onf.fr,2
Class 2,online-translator.com,7
Class 2,ooni.com,1
Class 2,openhab.org,1
Class 2,openrice.com,17
Class 2,openstack.org,3
Class 2,operadds.com,5
Class 2,opovo.com.br,16
Class 2,optable.co,1
Class 2,optimonk.com,3
Class 2,optimum.net,18
Class 2,optinmonster.com,3
Class 2,optisigns.com,1
Class 2,optonline.net,10
Class 2,opus.pro,3
Class 2,ordergroove.com,1
Class 2,ordio.com,2
Class 2,orgill.com,1
Class 2,orlen.pl,1
Class 2,oru.edu,3
Class 2,osaka-info.jp,18
Class 2,oswego.edu,5
Class 2,otelms.com,2
Class 2,otter.ro,1
Class 2,outplayed.tv,2
Class 2,overshootday.org,4
Class 2,overwolf.com,5
Class 2,overwolf.io,4
Class 2,owncloud.com,2
Class 2,owncloud.org,2
Class 2,oxfam.org,1
Class 2,oxy.edu,4
Class 2,oxylabs.io,5
Class 2,oyster.com,3
Class 2,pacifico.com.pe,6
Class 2,pactflow.io,3
Class 2,padmapper.com,6
Class 2,pagar.me,2
Class 2,pagerduty.com,2
Class 2,paguemenos.com.br,6
Class 2,pakuten.pl,2
Class 2,pandect.es,2
Class 2,panduit.com,1
Class 2,panmacmillan.com,3
Class 2,panopto.com,1
Class 2,pantaloons.com,2
Class 2,papertrailapp.com,3
Class 2,papier.com,1
Class 2,paradox.ai,3
Class 2,parcel2go.com,1
Class 2,parcelpending.com,1
Class 2,partidomira.com,3
Class 2,partstech.com,4
Class 2,partzilla.com,2
Class 2,passes.com,2
Class 2,passkey.com,2
Class 2,patientaccess.com,3
Class 2,patientsknowbest.com,1
Class 2,patientslikeme.com,1
Class 2,patrimonionacional.es,3
Class 2,paulmccartney.com,1
Class 2,paynearme.com,2
Class 2,paypo.pl,1
Class 2,payprop.com,8
Class 2,payscale.com,2
Class 2,payu.com,2
Class 2,paywithmybank.com,3
Class 2,paze.com,3
Class 2,pbs.org,3
Class 2,pcbway.com,1
Class 2,pchelpsoft.com,1
Class 2,pdga.com,9
Class 2,pdq.com,1
Class 2,peardeck.com,3
Class 2,pearljam.com,1
Class 2,peatix.com,2
Class 2,peer39.com,2
Class 2,penguinlibros.com,3
Class 2,penki.lt,3
Class 2,penningtons.com,2
Class 2,penny-arcade.com,12
Class 2,penso.com.br,2
Class 2,peopleadmin.com,1
Class 2,peoplecert.org,2
Class 2,peoplelooker.com,1
Class 2,peoplepill.com,13
Class 2,peoplestrong.com,3
Class 2,pep.ph,7
Class 2,peppagame.com,18
Class 2,peppalearning.com,27
Class 2,peppaquiz.com,24
Class 2,pepsicojobs.com,2
Class 2,perchsecurity.com,5
Class 2,perfactive.fr,2
Class 2,perfectgame.org,16
Class 2,perfectview.nl,2
Class 2,perio.org,1
Class 2,personalizer.io,2
Class 2,pestana.com,1
Class 2,pestpac.com,2
Class 2,petdesk.com,2
Class 2,peterlang.com,3
Class 2,petrobras.com.br,2
Class 2,petsmart.ca,1
Class 2,petz.com.br,3
Class 2,pexels.com,1
Class 2,pff.com,1
Class 2,pgatoursuperstore.com,1
Class 2,phaidon.com,3
Class 2,phandroid.com,11
Class 2,phantombuster.com,2
Class 2,pharmaceutical-journal.com,11
Class 2,pharmacydiscount.gr,2
Class 2,phenompeople.com,1
Class 2,phenompro.com,4
Class 2,philanthropynewsdigest.org,1
Class 2,philippineairlines.com,8
Class 2,phillips.com,3
Class 2,phillymag.com,17
Class 2,philstar.com,47
Class 2,phobs.net,2
Class 2,phoronix.com,13
Class 2,photoshelter.com,1
Class 2,physicsclassroom.com,11
Class 2,pic-time.com,2
Class 2,picmonkey.com,2
Class 2,picodi.com,2
Class 2,picturethisai.com,1
Class 2,pigment.com,3
Class 2,pii.ai,4
Class 2,piktochart.com,2
Class 2,pinelabs.com,4
Class 2,pingdom.com,3
Class 2,pingdom.net,3
Class 2,pingodoce.pt,2
Class 2,pinkboutique.co.uk,3
Class 2,pinpointhq.com,2
Class 2,pioneerrx.com,2
Class 2,pipefy.com,3
Class 2,pirateship.com,1
Class 2,pirelli.com,1
Class 2,pixellot.tv,4
Class 2,pkgs.org,24
Class 2,plainproxies.com,3
Class 2,planable.io,2
Class 2,planefinder.net,11
Class 2,planet.com,1
Class 2,planetasport.rs,2
Class 2,planner5d.com,2
Class 2,platinumlist.net,2
Class 2,playhub.com,1
Class 2,playnet.it,1
Class 2,playstation.com,2
Class 2,plazavea.com.pe,3
Class 2,plopsa.com,3
Class 2,plumbworld.co.uk,2
Class 2,plymouth.ac.uk,1
Class 2,poets.org,6
Class 2,pokeharbor.com,54
Class 2,polene-paris.com,3
Class 2,police1.com,19
Class 2,poly-ai.chat,29
Class 2,portainer.io,6
Class 2,portent.com,3
Class 2,portmap.host,4
Class 2,postaffiliatepro.com,1
Class 2,postmarkapp.com,1
Class 2,postpilot.com,2
Class 2,powtoon.com,4
Class 2,practicebetter.io,3
Class 2,prefixbox.com,2
Class 2,premierleague.com,5
Class 2,prenatal.com,1
Class 2,preply.com,2
Class 2,presentations.ai,3
Class 2,pressenza.com,1
Class 2,prestashop.com,1
Class 2,prezi.com,4
Class 2,prg.aero,4
Class 2,price.com.hk,14
Class 2,pricespider.com,2
Class 2,primerahora.com,37
Class 2,primicias.ec,21
Class 2,printavo.com,1
Class 2,printerval.com,17
Class 2,printfriendly.com,6
Class 2,prioritypass.com,1
Class 2,prismhr.com,1
Class 2,pristineauction.com,3
Class 2,privacytools.com.br,2
Class 2,privado.io,1
Class 2,privadovpn.com,1
Class 2,private.com,1
Class 2,prizeout.com,1
Class 2,prnasia.com,1
Class 2,prodemand.com,1
Class 2,proen.co.th,3
Class 2,profitroom.com,2
Class 2,progressivegrocer.com,15
Class 2,prokeep.com,4
Class 2,promessedefleurs.com,2
Class 2,promo.com,2
Class 2,pronosticoextendido.net,23
Class 2,pronovias.com,1
Class 2,propertyfinder.ae,11
Class 2,propertyware.com,2
Class 2,prosci.com,1
Class 2,prospects.ac.uk,2
Class 2,proteussensor.com,3
Class 2,protolabs.com,2
Class 2,provenwinners.com,3
Class 2,providesupport.com,1
Class 2,proxibid.com,3
Class 2,prubsn.com.my,3
Class 2,psfashion.com,4
Class 2,publir.com,1
Class 2,pucminas.br,8
Class 2,pucpr.br,2
Class 2,pulsus.mobi,2
Class 2,pumpyoursound.com,4
Class 2,puravida.com.br,4
Class 2,pureflix.com,4
Class 2,purepeople.com.br,14
Class 2,pushalert.co,2
Class 2,pushcrew.com,1
Class 2,pushengage.com,3
Class 2,pv-tech.org,7
Class 2,pwc.com,1
Class 2,pwsweather.com,18
Class 2,qad.com,1
Class 2,qcterme.com,2
Class 2,qiagen.com,2
Class 2,qiscus.com,3
Class 2,qive.com.br,2
Class 2,qlia.shop,1
Class 2,qmul.ac.uk,4
Class 2,qs.com,3
Class 2,qt.io,2
Class 2,quadratec.com,5
Class 2,quakeroats.com,4
Class 2,qualibooth.com,1
Class 2,quantumworkplace.com,2
Class 2,qub.ac.uk,1
Class 2,queensland.com,2
Class 2,quepasasalta.com.ar,24
Class 2,quickanddirtytips.com,12
Class 2,quicklaunch.io,1
Class 2,quickmar.com,3
Class 2,quicktext.im,1
Class 2,quinyx.com,1
Class 2,quizizz.com,1
Class 2,rac.co.uk,1
Class 2,rachacuca.com.br,16
Class 2,racing.com,12
Class 2,racingtv.com,2
Class 2,rackspace.com,1
Class 2,radicalstorage.com,2
Class 2,radio.co,2
Class 2,radio.co.ma,22
Class 2,radio.or.ke,26
Class 2,radioarg.com,25
Class 2,radioonline.com.pt,20
Class 2,radioonline.my,25
Class 2,radiopaedia.org,4
Class 2,radioplayer.org,5
Class 2,radios.co.cr,22
Class 2,radios.com.ec,25
Class 2,radios.com.pe,17
Class 2,radios.com.uy,28
Class 2,radiosaovivo.net,22
Class 2,raeng.org.uk,1
Class 2,raidrive.com,8
Class 2,rain.co.za,2
Class 2,rainviewer.com,3
Class 2,raise3d.com,3
Class 2,rapidswitch.com,1
Class 2,rapidtags.io,4
Class 2,rarediseases.org,1
Class 2,rate.com,2
Class 2,ratehawk.com,4
Class 2,ratemyserver.net,9
Class 2,razorblue.com,2
Class 2,rbo.org.uk,2
Class 2,rccl.com,2
Class 2,rcn.com,6
Class 2,rcn.org.uk,1
Class 2,rcog.org.uk,3
Class 2,readpeak.com,3
Class 2,realbetisbalompie.es,1
Class 2,realestatedigital.com,3
Class 2,reallusion.com,1
Class 2,realmadrid.com,2
Class 2,realpage.com,1
Class 2,realvnc.com,3
Class 2,reasonsecurity.com,2
Class 2,recart.com,1
Class 2,recastsoftware.com,1
Class 2,recdesk.com,3
Class 2,receitasnestle.com.br,9
Class 2,recruit.net,4
Class 2,recruitology.com,1
Class 2,rededorsaoluiz.com.br,5
Class 2,redtag.ca,2
Class 2,ree.es,1
Class 2,reevoo.com,2
Class 2,reference.com,14
Class 2,registrocivil.org.br,1
Class 2,regonline.com,2
Class 2,regulaforensics.com,1
Class 2,reitmans.com,2
Class 2,reklama5.mk,4
Class 2,relateddigital.com,4
Class 2,relexsolutions.com,2
Class 2,remax.ca,13
Class 2,remnote.com,2
Class 2,remodelista.com,10
Class 2,remote.it,2
Class 2,renault.com,1
Class 2,renaultgroup.com,1
Class 2,rendimentonline.com.br,1
Class 2,reproductiverights.org,3
Class 2,resellerratings.com,5
Class 2,reserveamerica.com,14
Class 2,resizepixel.com,7
Class 2,resonate.com,2
Class 2,responsiveads.com,1
Class 2,responso.com,3
Class 2,restosducoeur.org,2
Class 2,resume.io,1
Class 2,retailrocket.net,1
Class 2,retailtouchpoints.com,1
Class 2,reteno.com,2
Class 2,retn.net,2
Class 2,retrogames.cc,26
Class 2,rev.com,5
Class 2,revenuecat.com,1
Class 2,revenuewell.com,3
Class 2,reversephone.com,1
Class 2,reviewed.com,3
Class 2,revjet.com,3
Class 2,revlifter.com,2
Class 2,revlifter.io,2
Class 2,revspin.net,8
Class 2,revzilla.com,2
Class 2,rhul.ac.uk,2
Class 2,riba.org,2
Class 2,richrelevance.com,1
Class 2,rightworks.com,2
Class 2,riomedia.cz,2
Class 2,riotinto.com,2
Class 2,rit.edu,3
Class 2,ritzau.dk,2
Class 2,rixos.com,2
Class 2,riya.travel,3
Class 2,rj.com,4
Class 2,rj.gov.br,4
Class 2,roadmap.sh,7
Class 2,roadtrippers.com,12
Class 2,robinpowered.com,1
Class 2,rocket.chat,3
Class 2,rocketreach.co,1
Class 2,roguefitness.com,2
Class 2,roh.org.uk,2
Class 2,rolandgarros.com,1
Class 2,romeo.com,1
Class 2,roomraccoon.com,1
Class 2,roots.com,4
Class 2,rossmann.de,1
Class 2,roxynailsparis.com,2
Class 2,royalcaribbean.com,2
Class 2,royalholloway.ac.uk,2
Class 2,royalvegascasino.com,1
Class 2,rpggeek.com,9
Class 2,rsc.org.uk,4
Class 2,rsk.co,1
Class 2,rsmus.com,2
Class 2,rspo.org,5
Class 2,rttnews.com,26
Class 2,rubberb.com,1
Class 2,ruckuswireless.com,1
Class 2,runpod.io,2
Class 2,rusdate.de,10
Class 2,rusdate.net,20
Class 2,rusi.org,1
Class 2,rusta.com,3
Class 2,rvc.ac.uk,1
Class 2,rw-co.com,2
Class 2,sabcnews.com,8
Class 2,sabervivirtv.com,5
Class 2,sae.org,4
Class 2,safaricom.co.ke,3
Class 2,safebrands.com,2
Class 2,safebrands.fr,2
Class 2,safelite.com,1
Class 2,safetyandhealthmagazine.com,5
Class 2,saffire.com,4
Class 2,safra.com.br,2
Class 2,salecycle.com,2
Class 2,salemove.com,2
Class 2,salesfire.co.uk,2
Class 2,saleswingsapp.com,3
Class 2,salonized.com,2
Class 2,salsalabs.com,2
Class 2,salsalabs.org,1
Class 2,salsify.com,1
Class 2,salvador-dali.org,1
Class 2,samanage.com,2
Class 2,sandisk.com,2
Class 2,sangeethamobiles.com,6
Class 2,sangfor.com,3
Class 2,sankhya.com.br,3
Class 2,sansan.com,3
Class 2,santafenewmexican.com,17
Class 2,santannapisa.it,2
Class 2,sardine.ai,2
Class 2,sas.com,1
Class 2,sascar.com.br,9
Class 2,sasol.com,1
Class 2,saturdayeveningpost.com,7
Class 2,sav.sk,1
Class 2,savanta.com,1
Class 2,savantpower.com,1
Class 2,savers.co.uk,2
Class 2,savethechildren.org.uk,2
Class 2,savett.cc,4
Class 2,sayprimer.com,4
Class 2,sbb.rs,5
Class 2,sbc.com,2
Class 2,sbtjapan.com,2
Class 2,scala.com,4
Class 2,scalefusion.com,2
Class 2,scan.co.uk,3
Class 2,scapino.nl,2
Class 2,scarlet.be,1
Class 2,sccoast.net,5
Class 2,scholasticahq.com,2
Class 2,schoolspecialty.com,2
Class 2,schuhcenter.de,2
Class 2,schuttevaer.nl,10
Class 2,scican.com,1
Class 2,scidev.net,2
Class 2,sciencebusiness.net,2
Class 2,sciencefriday.com,6
Class 2,sciencemediacentre.org,1
Class 2,sciencenews.org,11
Class 2,scite.ai,2
Class 2,scope.org.uk,4
Class 2,scoreapp.com,2
Class 2,screencast.com,1
Class 2,screencloud.com,2
Class 2,scroll.in,8
Class 2,scufgaming.com,1
Class 2,sdxcentral.com,8
Class 2,seafoodsource.com,3
Class 2,searchserverapi.com,3
Class 2,seatmaps.com,8
Class 2,seattlemet.com,9
Class 2,secondlife.com,3
Class 2,secretescapes.com,4
Class 2,secretescapes.de,3
Class 2,secretsales.com,3
Class 2,secretsdujeu.com,11
Class 2,secunia.com,1
Class 2,securityboulevard.com,14
Class 2,securityeducation.com,1
Class 2,securitymagazine.com,2
Class 2,seekda.com,2
Class 2,seequent.com,1
Class 2,seesaw.me,1
Class 2,semana.es,4
Class 2,semgrep.dev,3
Class 2,semiengineering.com,5
Class 2,semrush.com,1
Class 2,send-anywhere.com,10
Class 2,sendinblue.com,1
Class 2,sendmail.org,1
Class 2,sendpulse.com,1
Class 2,senior.com.br,10
Class 2,sensicomfort.com,2
Class 2,sentencingproject.org,1
Class 2,seohost.com.pl,2
Class 2,seohost.pl,2
Class 2,seosthemes.com,7
Class 2,sephora.com.br,2
Class 2,sequoiacap.com,2
Class 2,serasaexperian.com.br,4
Class 2,serbenfiquista.com,17
Class 2,serco-na.com,2
Class 2,sermoncentral.com,9
Class 2,servconfig.com,1
Class 2,servicebench.com,1
Class 2,sesametime.com,4
Class 2,setapp.com,1
Class 2,sevastopol.su,3
Class 2,sevilla.org,1
Class 2,sextpanther.com,1
Class 2,sfn.org,3
Class 2,sfpl.org,3
Class 2,sgu.edu,1
Class 2,sgxnifty.org,9
Class 2,shakespearesglobe.com,1
Class 2,shangri-la.com,4
Class 2,shapeways.com,1
Class 2,sharkninja.com,2
Class 2,sharp-stream.com,1
Class 2,shelly.cloud,3
Class 2,shelly.com,3
Class 2,shelterluv.com,2
Class 2,shemaletube.tv,1
Class 2,sherdog.com,8
Class 2,shiftbase.com,2
Class 2,shipbob.com,2
Class 2,shipstation.com,3
Class 2,shoezone.com,5
Class 2,shokz.com,1
Class 2,shopakira.com,1
Class 2,shopcider.com,1
Class 2,shopee.com.br,3
Class 2,shoplazza.com,2
Class 2,shoplift.ai,5
Class 2,shoppinggives.com,2
Class 2,shoprenter.hu,2
Class 2,shopwss.com,4
Class 2,shor.by,3
Class 2,shore.com,2
Class 2,shorthand.com,1
Class 2,showmyip.com,7
Class 2,showpad.com,1
Class 2,shsu.edu,3
Class 2,shu.ac.uk,2
Class 2,sibautomation.com,2
Class 2,sicoob.com.br,1
Class 2,sieg.com,2
Class 2,sigmalive.com,5
Class 2,signalfx.com,2
Class 2,signalrgb.com,2
Class 2,silvercloudinc.com,1
Class 2,silverpop.com,2
Class 2,silversea.com,2
Class 2,sim-networks.com,1
Class 2,simpleimageresizer.com,8
Class 2,simplepractice.com,3
Class 2,simplero.com,1
Class 2,simplesdental.com,1
Class 2,simplesite.com,2
Class 2,simplify.jobs,2
Class 2,simplilearn.com,3
Class 2,singular.net,3
Class 2,singularityhub.com,8
Class 2,singulart.com,3
Class 2,sipag.com.br,7
Class 2,siriusxm.com,1
Class 2,sistemi.com,1
Class 2,siteblindado.com,2
Class 2,siteminder.com,1
Class 2,sixnationsrugby.com,7
Class 2,sjsu.edu,1
Class 2,skechers.in,1
Class 2,sketchuptextureclub.com,18
Class 2,skift.com,14
Class 2,skio.com,2
Class 2,skittles.com,2
Class 2,skole.hr,1
Class 2,skolon.com,4
Class 2,skycoach.gg,5
Class 2,skyfish.com,1
Class 2,skynet.be,1
Class 2,skyro.ph,2
Class 2,skyscraperpage.com,8
Class 2,skyzone.com,2
Class 2,slbenfica.pt,2
Class 2,slovanet.net,5
Class 2,slowfood.com,2
Class 2,slushpool.com,2
Class 2,sm360.ca,3
Class 2,smartadvocate.org,3
Class 2,smartbear.com,3
Class 2,smartframe.io,1
Class 2,smarthost.pl,2
Class 2,smartmetrics.co.uk,2
Class 2,smartsurvey.co.uk,3
Class 2,smartt.com,2
Class 2,smarty.com,2
Class 2,smartystreets.com,2
Class 2,smashfly.com,2
Class 2,smile.one,1
Class 2,smith-nephew.com,2
Class 2,smoothieking.com,6
Class 2,smu.edu.sg,7
Class 2,snacknation.com,4
Class 2,snapcomms.com,1
Class 2,snapfiles.com,24
Class 2,sneaksup.com,2
Class 2,snitcher.com,1
Class 2,soa.org,5
Class 2,soccerladuma.co.za,28
Class 2,socialsolutions.com,2
Class 2,softline.com,3
Class 2,softwaresuggest.com,8
Class 2,sogi.com.tw,11
Class 2,sohosted.com,2
Class 2,sojern.com,1
Class 2,solar.com.pl,2
Class 2,solarwinds.com,2
Class 2,solides.com.br,9
Class 2,solverde.pt,3
Class 2,somostodosum.com.br,35
Class 2,sonetas.eu,2
Class 2,sony.co.in,1
Class 2,sonyentertainmentnetwork.com,2
Class 2,soreto.com,2
Class 2,sosafe.de,2
Class 2,sothebys.com,3
Class 2,soundhound.com,1
Class 2,soundraw.io,4
Class 2,spacelift.io,2
Class 2,spain.info,1
Class 2,spareroom.co.uk,2
Class 2,spareroom.com,4
Class 2,spartacus-educational.com,15
Class 2,spcbrasil.com.br,2
Class 2,spe.org,10
Class 2,speakeasy.net,2
Class 2,speechify.com,2
Class 2,speediance.com,1
Class 2,speedof.me,10
Class 2,speedweb.sk,1
Class 2,spellingtraining.com,18
Class 2,spin.ph,20
Class 2,spincasino.com,1
Class 2,spirit.com,2
Class 2,spitfireaudio.com,1
Class 2,splunk.com,2
Class 2,splunkcloud.com,2
Class 2,spokeo.com,3
Class 2,sportisimo.cz,2
Class 2,sportisimo.ro,1
Class 2,sportisimo.sk,1
Class 2,sportium.es,1
Class 2,sportler.com,1
Class 2,sportsgambler.com,1
Class 2,sportslogos.net,13
Class 2,sporza.be,7
Class 2,spotler.com,3
Class 2,springboard.com,5
Class 2,springfarma.com,1
Class 2,spritmonitor.de,15
Class 2,squawka.com,4
Class 2,srovname.cz,6
Class 2,srv.cr,2
Class 2,ss-iptv.com,30
Class 2,sscdn.co,13
Class 2,ssotica.com.br,2
Class 2,ssrc.org,1
Class 2,st-and.ac.uk,2
Class 2,st-andrews.ac.uk,2
Class 2,stackpathdns.net,2
Class 2,stacksocial.com,2
Class 2,staffs.ac.uk,1
Class 2,stampworld.com,10
Class 2,standardhotels.com,2
Class 2,starbreeze.com,1
Class 2,starnet.cz,1
Class 2,starpets.gg,6
Class 2,startnext.com,1
Class 2,startupgrind.com,7
Class 2,starwalk.space,1
Class 2,stat.gov.pl,1
Class 2,state.gov,1
Class 2,statmuse.com,3
Class 2,statscore.com,1
Class 2,statuo.co.uk,3
Class 2,stay-app.com,1
Class 2,stay22.com,2
Class 2,stealthelook.com.br,30
Class 2,steamgriddb.com,5
Class 2,stefanini.com,6
Class 2,stellarinfo.com,2
Class 2,stereophile.com,6
Class 2,stetson.edu,2
Class 2,stevieawards.com,4
Class 2,stewmac.com,1
Class 2,stheadline.com,21
Class 2,stileo.it,4
Class 2,stillwhite.com,2
Class 2,stitcher.com,2
Class 2,stm.info,5
Class 2,stockhouse.com,11
Class 2,stokke.com,1
Class 2,stone.com.br,3
Class 2,stoplight.io,5
Class 2,storicang.it,13
Class 2,storypark.com,3
Class 2,strapi.io,3
Class 2,strategy.com,1
Class 2,streema.com,20
Class 2,street.co.uk,3
Class 2,stroke.org,2
Class 2,strongdm.com,1
Class 2,structurae.net,10
Class 2,stthomas.edu,3
Class 2,studentdoctor.net,7
Class 2,studysmarter.de,2
Class 2,stuki-druki.com,9
Class 2,stumbleguys.com,7
Class 2,stv.ee,4
Class 2,stylemixthemes.com,2
Class 2,subaru.jp,4
Class 2,submittable.com,1
Class 2,suddenlink.net,11
Class 2,sugarsync.com,1
Class 2,sui.io,2
Class 2,suitsupply.com,2
Class 2,sumologic.com,2
Class 2,sunbeltsoftware.com,2
Class 2,sunbit.com,4
Class 2,suncommunitynews.com,7
Class 2,sunderland.ac.uk,3
Class 2,sunlighten.com,3
Class 2,sunmi.com,1
Class 2,suno.ai,1
Class 2,suno.com,2
Class 2,sunshinehealth.com,4
Class 2,superastro.com.co,1
Class 2,superbid.net,3
Class 2,superfaktura.sk,3
Class 2,supersummary.com,1
Class 2,supsystic.com,2
Class 2,surferseo.com,3
Class 2,suruga-ya.com,5
Class 2,surveygizmo.eu,3
Class 2,surveysparrow.com,1
Class 2,survimo.com,17
Class 2,survivalinternational.org,1
Class 2,sustainablebrands.com,13
Class 2,sutd.edu.sg,6
Class 2,suzyshier.com,2
Class 2,swagger.io,1
Class 2,swan.ac.uk,3
Class 2,swann.com,2
Class 2,swansea.ac.uk,4
Class 2,swaven.com,3
Class 2,swhosting.com,2
Class 2,swimswam.com,22
Class 2,swin.edu.au,2
Class 2,swinburne.edu.au,2
Class 2,swipely.com,1
Class 2,swoca.net,1
Class 2,sycle.net,1
Class 2,sykescottages.co.uk,1
Class 2,symbol.rs,2
Class 2,synchronoss.com,1
Class 2,syncromsp.com,2
Class 2,synevo.ro,2
Class 2,syngenta.com,1
Class 2,synottip.cz,3
Class 2,synthesia.io,2
Class 2,sysaid.com,2
Class 2,sztaki.hu,1
Class 2,tabii.com,2
Class 2,tabit.cloud,2
Class 2,tactiq.io,3
Class 2,taggstar.com,1
Class 2,tailorbrands.com,2
Class 2,tailoy.com.pe,2
Class 2,takarazuka-ticket.com,3
Class 2,talentlms.com,7
Class 2,talkie-ai.com,6
Class 2,talkpal.ai,2
Class 2,tamashiiweb.com,1
Class 2,tangerino.com.br,5
Class 2,tango.us,2
Class 2,tapatalk.com,4
Class 2,tapnative.com,1
Class 2,tappx.com,1
Class 2,tappytoon.com,1
Class 2,taptapsend.com,3
Class 2,targeo.pl,6
Class 2,tartecosmetics.com,2
Class 2,tatacommunications.com,2
Class 2,tataritv.com,5
Class 2,tatum.io,1
Class 2,taxheaven.gr,1
Class 2,taxjustice.net,1
Class 2,tayyarijeetki.in,3
Class 2,taz.de,12
Class 2,tcf.org,2
Class 2,tcl.com,2
Class 2,teachmeanatomy.info,7
Class 2,teachy.ai,10
Class 2,teachy.com.br,7
Class 2,teachyourmonster.org,1
Class 2,teamlinkt.com,3
Class 2,teamnl.org,7
Class 2,tec.ac.cr,2
Class 2,tech.co,1
Class 2,tecmint.com,9
Class 2,teleamazonas.com,8
Class 2,telerik.com,1
Class 2,telkom.co.za,3
Class 2,tellyo.com,1
Class 2,temenos.com,1
Class 2,templatemonster.com,2
Class 2,tennis.com.au,8
Class 2,tescomobile.com,3
Class 2,tesourodireto.com.br,2
Class 2,testgorilla.com,2
Class 2,testmuai.com,4
Class 2,textmagic.com,3
Class 2,textron.com,1
Class 2,thaiairways.com,4
Class 2,thaicupid.com,2
Class 2,the-afc.com,3
Class 2,the-saleroom.com,2
Class 2,theabclearning.com,23
Class 2,theartnewspaper.com,5
Class 2,theatermania.com,10
Class 2,thebanker.com,17
Class 2,thebest100hotels.com,1
Class 2,thebiglead.com,15
Class 2,thecalmzone.net,5
Class 2,thecanadianpressnews.ca,11
Class 2,thecheesecakefactory.com,1
Class 2,thecompleteuniversityguide.co.uk,9
Class 2,thecooldown.com,5
Class 2,thecounter.com,2
Class 2,thedrinksbusiness.com,9
Class 2,theecologist.org,1
Class 2,theengineer.co.uk,7
Class 2,theesa.com,1
Class 2,theeverlearner.com,2
Class 2,thefashionablehousewife.com,4
Class 2,thefashionspot.com,20
Class 2,thefiscaltimes.com,5
Class 2,thefrisky.com,1
Class 2,thefuse.co.za,13
Class 2,thegadgetflow.com,8
Class 2,thehenryford.org,2
Class 2,thehockeywriters.com,21
Class 2,theiia.org,1
Class 2,thejockeyclub.co.uk,1
Class 2,thelondonneurocognitiveclinic.co.uk,2
Class 2,thelotter.com,3
Class 2,theluxurycloset.com,5
Class 2,themarketer.com,2
Class 2,themart.gr,2
Class 2,themehunk.com,2
Class 2,themezhut.com,1
Class 2,thenation.com,16
Class 2,thenewstack.io,9
Class 2,theonion.com,11
Class 2,theoplayer.com,6
Class 2,thephoblographer.com,14
Class 2,theplaylist.net,15
Class 2,therange.co.uk,1
Class 2,thereformation.com,2
Class 2,thersa.org,5
Class 2,thespiritsbusiness.com,9
Class 2,thesunmagazine.org,2
Class 2,thetoyshop.com,2
Class 2,thewhitecompany.com,2
Class 2,theworks.co.uk,1
Class 2,thiememeulenhoff.nl,1
Class 2,thisisanfield.com,10
Class 2,thoughtspot.com,1
Class 2,three.co.uk,1
Class 2,threebirdnest.com,4
Class 2,thrivethemes.com,1
Class 2,throne.com,2
Class 2,thrustmaster.com,2
Class 2,thunderpick.io,2
Class 2,tiaa-cref.org,3
Class 2,tiaa.org,3
Class 2,ticketmaster.ca,4
Class 2,ticketmaster.com.mx,1
Class 2,ticketweb.com,2
Class 2,tickmill.com,8
Class 2,ticksy.com,1
Class 2,tigoenergy.com,1
Class 2,time4learning.com,1
Class 2,timecamp.com,1
Class 2,timedoctor.com,3
Class 2,timeform.com,1
Class 2,timeslive.co.za,39
Class 2,timesofsandiego.com,14
Class 2,timex.com,2
Class 2,timify.com,1
Class 2,tinuiti.com,2
Class 2,tiny.com.br,5
Class 2,tinybuddha.com,10
Class 2,tiobe.com,1
Class 2,titan.email,3
Class 2,tithe.ly,3
Class 2,tmb.cat,3
Class 2,tmstor.es,1
Class 2,tni.org,1
Class 2,today.com,17
Class 2,tods.com,1
Class 2,togg.com.tr,4
Class 2,tolt.io,2
Class 2,tommybahama.com,1
Class 2,tomorrow.io,1
Class 2,tomorrowland.com,2
Class 2,tonybet.com,2
Class 2,tonyrobbins.com,3
Class 2,topagrar.pl,3
Class 2,topcashback.co.uk,1
Class 2,toppreise.ch,7
Class 2,topuniversities.com,13
Class 2,topuplive.com,2
Class 2,toradex.com,2
Class 2,torecolo.jp,4
Class 2,torrossa.com,2
Class 2,tosibox.com,1
Class 2,totalbattle.com,2
Class 2,totalexpress.com.br,7
Class 2,toto.com,3
Class 2,totogaming.ro,3
Class 2,tottenhamhotspur.com,2
Class 2,touchtunes.com,5
Class 2,towardsdatascience.com,15
Class 2,toyota.co.th,2
Class 2,toyota.com.br,5
Class 2,toyota.com.sa,1
Class 2,toyota.pl,2
Class 2,toyscenter.it,1
Class 2,tpa.com.br,2
Class 2,trackingmore.com,1
Class 2,trackonomics.net,3
Class 2,tractorhouse.com,7
Class 2,trademarkarea.com,1
Class 2,trademarkia.com,1
Class 2,trafalgar.com,2
Class 2,trainerroad.com,2
Class 2,trainingindustry.com,8
Class 2,tramasmas.com,3
Class 2,tranny.one,2
Class 2,transifex.com,4
Class 2,translated.net,2
Class 2,transmitsecurity.io,1
Class 2,travala.com,3
Class 2,travelcircus.de,1
Class 2,travelguard.com,2
Class 2,traveljoy.com,2
Class 2,travelpulse.com,9
Class 2,trb.org,1
Class 2,treatwell.co.uk,1
Class 2,treatwell.de,1
Class 2,tree-nation.com,2
Class 2,trekbikes.com,5
Class 2,trekmovie.com,11
Class 2,trellis.net,2
Class 2,trendmicro.co.jp,1
Class 2,trendmicro.com,3
Class 2,trendnet.com,1
Class 2,trengo.eu,1
Class 2,tresensa.com,3
Class 2,trespass.com,2
Class 2,trex.com,3
Class 2,trial-net.co.jp,1
Class 2,trikotazh.by,1
Class 2,trimble.com,1
Class 2,trinet.com,2
Class 2,trinks.com,4
Class 2,tripleseat.com,6
Class 2,truckpaper.com,5
Class 2,truefit.com,1
Class 2,trueinternet.co.th,2
Class 2,trust.com,1
Class 2,trustly.com,3
Class 2,tryhackme.com,2
Class 2,tsmc.com,1
Class 2,tubebuddy.com,4
Class 2,tudoradio.com,24
Class 2,tue.nl,1
Class 2,tufs.ac.jp,1
Class 2,tunedglobal.com,1
Class 2,tupperware.com.br,3
Class 2,tvb.com,5
Class 2,tvpassport.com,31
Class 2,tvrain.ru,10
Class 2,tvrain.tv,14
Class 2,tvseriesfinale.com,23
Class 2,tvxs.gr,31
Class 2,twingate.com,1
Class 2,twinset.com,2
Class 2,tygodnik-rolniczy.pl,6
Class 2,tyson.com,2
Class 2,uab.edu,1
Class 2,ubagroup.com,2
Class 2,ubuy.co.in,2
Class 2,ubuy.fr,2
Class 2,ubuy.qa,2
Class 2,uca.fr,1
Class 2,uci.org,4
Class 2,ucihealth.org,1
Class 2,uclawsf.edu,2
Class 2,ucp.pt,3
Class 2,uctonlinehighschool.com,3
Class 2,uel.ac.uk,1
Class 2,ufersa.edu.br,1
Class 2,ufreegames.com,26
Class 2,ufrgs.br,1
Class 2,ugr.es,1
Class 2,uhu.es,1
Class 2,ukfast.co.uk,1
Class 2,ukfast.net,1
Class 2,ukrainedate.com,2
Class 2,ul.pt,1
Class 2,ulisboa.pt,1
Class 2,ultrahuman.com,1
Class 2,ulusofona.pt,2
Class 2,umb.edu,4
Class 2,umbrella.com,1
Class 2,unaids.org,1
Class 2,unbounce.com,3
Class 2,unh.edu,3
Class 2,uni.edu,7
Class 2,unilab.com.ph,2
Class 2,unilife.co.jp,7
Class 2,uninter.com,5
Class 2,unionleader.com,18
Class 2,unipr.it,2
Class 2,uniri.hr,1
Class 2,unison.org.uk,3
Class 2,unitedway.org,5
Class 2,universalorlando.com,4
Class 2,universalparks.com,1
Class 2,universalpictures.com,3
Class 2,universalstudios.com,1
Class 2,universalstudioshollywood.com,4
Class 2,universe.com,1
Class 2,uniview.com,1
Class 2,unleashedsoftware.com,2
Class 2,unm.edu,1
Class 2,unovacursos.com.br,1
Class 2,untangle.com,1
Class 2,uopeople.edu,1
Class 2,up.ac.za,4
Class 2,upde.cc,2
Class 2,upf.edu,2
Class 2,upi.com,11
Class 2,uplandsoftware.com,1
Class 2,upload.app,21
Class 2,uploadvr.com,4
Class 2,uppbeat.io,2
Class 2,uppromote.com,2
Class 2,uprinting.com,2
Class 2,upsellit.com,4
Class 2,upserve.com,1
Class 2,upshow.tv,2
Class 2,uptimerobot.com,2
Class 2,uptodown.com,1
Class 2,uquiz.com,9
Class 2,urbania.pe,8
Class 2,urbanovitalino.com.br,1
Class 2,urosario.edu.co,14
Class 2,urv.cat,3
Class 2,usablenet.com,3
Class 2,usafacts.org,2
Class 2,usal.es,1
Class 2,uschamber.com,2
Class 2,useit.com,2
Class 2,usembassy.gov,1
Class 2,usemotion.com,2
Class 2,usermaven.com,2
Class 2,usersnap.com,1
Class 2,userway.org,2
Class 2,ushealthquick.com,2
Class 2,usi.edu,12
Class 2,usizy.com,1
Class 2,usmission.gov,1
Class 2,usopen.org,11
Class 2,usta.com,1
Class 2,utb.cz,7
Class 2,utdstc.com,1
Class 2,uthm.edu.my,1
Class 2,utulsa.edu,10
Class 2,uvigo.es,1
Class 2,uvigo.gal,1
Class 2,uvt.nl,3
Class 2,uvt.ro,3
Class 2,uw.edu.pl,1
Class 2,uwc.edu,1
Class 2,uwec.edu,3
Class 2,uwi.edu,1
Class 2,uwinnipeg.ca,2
Class 2,uwm.edu.pl,1
Class 2,uworld.com,2
Class 2,uxcam.com,1
Class 2,uxtweak.com,1
Class 2,vacasa.com,1
Class 2,vagaro.com,1
Class 2,valuehosted.com,1
Class 2,vasaloppet.se,6
Class 2,vecteezy.com,7
Class 2,vectra.ai,2
Class 2,vedos.cz,3
Class 2,veeam.com,2
Class 2,veesp.com,2
Class 2,vegasslotsonline.com,2
Class 2,vektor-inc.co.jp,1
Class 2,vendhq.com,1
Class 2,venezia.pl,2
Class 2,venmo.com,1
Class 2,vennapps.com,2
Class 2,veo.co,1
Class 2,veracode.com,1
Class 2,veracross.com,3
Class 2,veradigm.com,1
Class 2,vercapas.com,51
Class 2,verdesmares.com.br,9
Class 2,verginet.net,2
Class 2,versum.com,6
Class 2,vertiv.com,3
Class 2,very.co.uk,1
Class 2,vetradar.com,3
Class 2,vevida.com,2
Class 2,vevor.ca,4
Class 2,vevor.com,4
Class 2,vevor.de,4
Class 2,vevor.es,4
Class 2,vevor.fr,4
Class 2,vevor.it,4
Class 2,vevor.nl,4
Class 2,vezzi.pl,2
Class 2,viabill.com,2
Class 2,vianet.ca,1
Class 2,viasat.com,2
Class 2,vibraenergia.com.br,2
Class 2,vicicollection.com,2
Class 2,vicko.gr,2
Class 2,victorianplumbing.co.uk,1
Class 2,victoriassecret.com,2
Class 2,victorinox.com,2
Class 2,vidangel.com,1
Class 2,videoly.co,2
Class 2,vidnoz.com,3
Class 2,vidyome.com,1
Class 2,vietnamcupid.com,2
Class 2,vikingdeals.be,3
Class 2,vincere.io,1
Class 2,vintagestory.at,1
Class 2,viooh.com,1
Class 2,vip.nl,2
Class 2,vipre.com,2
Class 2,virtela.net,2
Class 2,virtono.com,3
Class 2,virusfree.cz,1
Class 2,visilabs.net,4
Class 2,visit.brussels,2
Class 2,visitabudhabi.ae,2
Class 2,visitgreece.gr,2
Class 2,visitnc.com,2
Class 2,visitorlando.com,4
Class 2,visitsaudi.com,12
Class 2,visitsingapore.com,1
Class 2,visitukraine.today,2
Class 2,visma.net,2
Class 2,vitalant.org,2
Class 2,vitally.io,2
Class 2,vitals.app,3
Class 2,vitals.co,3
Class 2,vivaia.com,34
Class 2,viveport.com,4
Class 2,vivo.com,3
Class 2,vmake.ai,2
Class 2,vnc.com,3
Class 2,voc.ai,2
Class 2,vodafone.co.uk,1
Class 2,vodafone.com.eg,3
Class 2,voiceflow.com,2
Class 2,volanta.app,3
Class 2,volaris.com,1
Class 2,volleyballworld.com,6
Class 2,volvogroup.com,2
Class 2,volvotrucks.com,2
Class 2,voog.com,1
Class 2,voya.com,3
Class 2,vpauto.fr,4
Class 2,vpnjantit.com,31
Class 2,vpnmentor.com,1
Class 2,vpnoverview.com,1
Class 2,vpnunlimitedapp.com,3
Class 2,vtiger.com,1
Class 2,vu.lt,8
Class 2,vuch.cz,3
Class 2,vungle.com,3
Class 2,vwo.com,1
Class 2,wada-ama.org,3
Class 2,wahoofitness.com,1
Class 2,wake.tech,2
Class 2,waldenu.edu,1
Class 2,wales.nhs.uk,1
Class 2,wallpaperaccess.com,9
Class 2,warnerhotels.co.uk,1
Class 2,washington.org,12
Class 2,watchmojo.com,2
Class 2,water.org,3
Class 2,waveapps.com,3
Class 2,wavegolden.com,5
Class 2,wayground.com,4
Class 2,wayup.com,1
Class 2,wayvia.com,2
Class 2,wck.org,3
Class 2,wdtinc.com,2
Class 2,weareteachers.com,8
Class 2,wearewild.com,1
Class 2,webdunia.com,20
Class 2,webengage.com,4
Class 2,webeyez.com,2
Class 2,webglobe.com,3
Class 2,webhouse.sk,1
Class 2,webinargeek.com,2
Class 2,weblium.com,2
Class 2,webo.hosting,1
Class 2,webself.net,6
Class 2,websummit.com,2
Class 2,wecare.gr,2
Class 2,wedos.cz,2
Class 2,wedos.eu,2
Class 2,wefut.com,19
Class 2,wego.com,1
Class 2,weizmann.ac.il,2
Class 2,well.ca,9
Class 2,wellcertified.com,3
Class 2,welltory.com,4
Class 2,wepink.com.br,4
Class 2,wesco.com,1
Class 2,westernsydney.edu.au,7
Class 2,westmancom.com,2
Class 2,westminster.ac.uk,6
Class 2,westwing.com.br,8
Class 2,wetracked.io,3
Class 2,wetv.vip,2
Class 2,weverse.io,2
Class 2,what3words.com,2
Class 2,whatfontis.com,6
Class 2,whatismycountry.com,32
Class 2,whc.ca,1
Class 2,wheaton.edu,1
Class 2,wheelofnames.com,3
Class 2,which.co.uk,8
Class 2,whitecase.com,2
Class 2,whoscall.com,9
Class 2,whufc.com,10
Class 2,wibki.com,4
Class 2,wickes.co.uk,1
Class 2,wikiloc.com,2
Class 2,wildapricot.com,1
Class 2,wildlifestudios.com,1
Class 2,wimbledon.com,4
Class 2,wimhofmethod.com,3
Class 2,winaero.com,51
Class 2,winamax.de,1
Class 2,winamax.es,1
Class 2,winamax.fr,1
Class 2,windomnews.com,11
Class 2,winespectator.com,11
Class 2,wisconsin.edu,1
Class 2,wizards.com,1
Class 2,wizzair.com,1
Class 2,wklcdn.com,2
Class 2,wkruk.pl,1
Class 2,wlv.ac.uk,4
Class 2,wmf.com,1
Class 2,wocabee.app,4
Class 2,wojas.pl,2
Class 2,wongnai.com,4
Class 2,woolwarehouse.co.uk,1
Class 2,woom.com,2
Class 2,word.tips,2
Class 2,wordsmyth.net,7
Class 2,workable.com,1
Class 2,workiz.com,3
Class 2,workline.hr,1
Class 2,workman.jp,3
Class 2,worldanvil.com,2
Class 2,worldjournal.com,26
Class 2,worldnomads.com,6
Class 2,worldofsolitaire.com,2
Class 2,worldpackers.com,1
Class 2,worldremit.com,1
Class 2,worldsteel.org,4
Class 2,wowcher.co.uk,1
Class 2,wowpresentsplus.com,2
Class 2,wpbakery.com,1
Class 2,wpforms.com,3
Class 2,wpmailsmtp.com,1
Class 2,wpmudev.com,1
Class 2,wpmudev.org,1
Class 2,wponetap.com,2
Class 2,wpx.net,1
Class 2,wpxhosting.com,1
Class 2,wrestlezone.com,14
Class 2,writer.com,2
Class 2,wtms-one.pl,1
Class 2,wttw.com,2
Class 2,wubook.net,4
Class 2,wurl.com,2
Class 2,wvi.org,3
Class 2,wvmetronews.com,24
Class 2,wwnorton.com,1
Class 2,wwr-stardom.com,3
Class 2,x7hosting.com,1
Class 2,xcaret.com,2
Class 2,xel.nl,2
Class 2,xfinity.com,7
Class 2,xfinityhome.com,5
Class 2,xfolio.jp,3
Class 2,xiamenair.com,1
Class 2,ximad.com,1
Class 2,xovis.com,1
Class 2,xpluswear.com,3
Class 2,xrite.com,1
Class 2,y8.com,12
Class 2,y99.in,17
Class 2,yaleonline.in,9
Class 2,yamaha-motor.com,2
Class 2,yamaha-motor.com.br,2
Class 2,yanosik.pl,4
Class 2,ycorn.net,3
Class 2,yellowbook.com,1
Class 2,yelumseguros.com.br,2
Class 2,yes.pl,1
Class 2,yic-electronics.com,1
Class 2,yodeyma.com,3
Class 2,yokogawa.com,1
Class 2,yotoplay.com,1
Class 2,youngla.com,2
Class 2,younglife.org,5
Class 2,yourhosting.nl,3
Class 2,yousician.com,2
Class 2,ytel.com,3
Class 2,yuja.com,1
Class 2,yuntrack.com,1
Class 2,zaful.com,2
Class 2,zala.by,4
Class 2,zangi.com,2
Class 2,ze.delivery,1
Class 2,zealy.io,2
Class 2,zebra.com,2
Class 2,zedwap.co,3
Class 2,zeelool.com,4
Class 2,zegocloud.com,1
Class 2,zelle.com,2
Class 2,zellepay.com,2
Class 2,zema.com,2
Class 2,zen.co.uk,1
Class 2,zen.com,2
Class 2,zenefits.com,2
Class 2,zenhotels.com,2
Class 2,zenoti.com,1
Class 2,zerogpt.com,3
Class 2,zerossl.com,1
Class 2,zimad.com,1
Class 2,zimaspace.com,2
Class 2,zineone.com,1
Class 2,znews.vn,7
Class 2,zoomcorp.com,3
Class 2,zorustech.com,1
Class 2,zumub.com,3
Class 2,zyte.com,3
Class 3,geminiaiprompt.in,14
Class 4,021.rs,17
Class 4,0221.com.ar,23
Class 4,0223.com.ar,29
Class 4,100001.uno,17
Class 4,10000recipe.com,17
Class 4,1000logos.net,19
Class 4,1001fonts.com,12
Class 4,1011now.com,9
Class 4,101cookbooks.com,8
Class 4,109cinemas.net,14
Class 4,10best.com,2
Class 4,10minutemail.com,2
Class 4,10news.com,5
Class 4,11zon.com,13
Class 4,121clicks.com,31
Class 4,123greetings.com,48
Class 4,123telugu.com,12
Class 4,12baliv.com.ua,25
Class 4,13abc.com,11
Class 4,13wham.com,23
Class 4,161.ru,6
Class 4,17track.net,11
Class 4,1881.no,1
Class 4,19216801.one,24
Class 4,19216811.uno,6
Class 4,1games.io,17
Class 4,1geki.jp,7
Class 4,1happybirthday.com,20
Class 4,1point3acres.com,17
Class 4,1up.com,4
Class 4,20minutos.es,7
Class 4,225225.jp,12
Class 4,247wallst.com,6
Class 4,24h.com.vn,7
Class 4,24horas.cl,26
Class 4,24timezones.com,12
Class 4,24tv.ua,5
Class 4,2ip.io,40
Class 4,2ip.ru,51
Class 4,2sao.vn,18
Class 4,34.ua,30
Class 4,365scores.com,5
Class 4,373news.com,14
Class 4,3bmeteo.com,3
Class 4,3djuegos.com,13
Class 4,3dtuning.com,14
Class 4,3dvf.com,15
Class 4,3orood.net,26
Class 4,404media.co,10
Class 4,411mania.com,8
Class 4,45cat.com,5
Class 4,47news.jp,7
Class 4,49ers.com,17
Class 4,49s.co.uk,3
Class 4,49s.events,9
Class 4,4d2ulive.com,33
Class 4,4d88.asia,19
Class 4,4devs.com.br,31
Class 4,4dking.live,49
Class 4,4gnews.pt,16
Class 4,4kwallpapers.com,10
Class 4,4tracking.net,16
Class 4,51games.info,42
Class 4,59.ru,6
Class 4,5e.tools,3
Class 4,5min.at,9
Class 4,5v5world.co,7
Class 4,63.ru,7
Class 4,65ymas.com,8
Class 4,6677g.com,28
Class 4,6gamehub.com,18
Class 4,6xclassroom.io,7
Class 4,6yka.com,8
Class 4,711.nl,2
Class 4,72.ru,5
Class 4,74.ru,5
Class 4,750g.com,19
Class 4,7cups.com,2
Class 4,7jours.ca,16
Class 4,881903.com,17
Class 4,8fat.com,10
Class 4,8games.net,14
Class 4,8notes.com,15
Class 4,8world.com,9
Class 4,91mobiles.com,11
Class 4,92playgame.top,25
Class 4,9aleh.com,24
Class 4,9db.jp,15
Class 4,9gag.com,12
Class 4,9news.com.au,9
Class 4,9to5mac.com,10
Class 4,a-z-animals.com,27
Class 4,a1.ro,4
Class 4,a24.com,19
Class 4,aaaconnect.info,4
Class 4,aagag.com,11
Class 4,aajkaal.in,27
Class 4,aajkaaldaily.com,62
Class 4,aajtak.in,28
Class 4,aao.org,3
Class 4,aavot.com,24
Class 4,aawsat.com,11
Class 4,abbreviations.com,25
Class 4,abc.com.py,33
Class 4,abc.es,31
Class 4,abc17news.com,21
Class 4,abc3.in,18
Class 4,abc3340.com,21
Class 4,abc6onyourside.com,20
Class 4,abcbourse.com,25
Class 4,abcnews4.com,20
Class 4,abctelefonos.com,38
Class 4,abeautifulmess.com,16
Class 4,abfielder.com,3
Class 4,abidjan.net,10
Class 4,aboluowang.com,17
Class 4,abs-cbn.com,6
Class 4,abstractfonts.com,23
Class 4,acarboseinfo.com,5
Class 4,accuradio.com,18
Class 4,aceshowbiz.com,43
Class 4,acheconcursos.com.br,24
Class 4,aciprensa.com,7
Class 4,aconvert.com,21
Class 4,acouplecooks.com,18
Class 4,act.com,2
Class 4,actionstep.com,2
Class 4,actuabd.com,20
Class 4,actualitte.com,17
Class 4,ad-hoc-news.de,13
Class 4,ad-italia.it,24
Class 4,ad-magazin.de,31
Class 4,adaderana.lk,24
Class 4,adage.com,16
Class 4,adcloud-culture.com,17
Class 4,adcloud-finance.com,7
Class 4,adcloud-sports.com,6
Class 4,addonup.com,11
Class 4,adevarul.ro,11
Class 4,adgully.com,14
Class 4,adintrend.tv,20
Class 4,admagazine.fr,3
Class 4,adn.com,23
Class 4,adn40.mx,13
Class 4,adnradio.cl,11
Class 4,adnsur.com.ar,20
Class 4,adoptmetradingvalues.com,18
Class 4,adpost4u.com,8
Class 4,adrenaline.com.br,19
Class 4,adroll.com,2
Class 4,adscientificindex.com,4
Class 4,adserv-us.com,5
Class 4,adtonos.com,1
Class 4,adtp1.xyz,5
Class 4,adtp2.xyz,4
Class 4,adtp3.xyz,5
Class 4,advfn.com,11
Class 4,advisorperspectives.com,1
Class 4,advocate.com,11
Class 4,advrider.com,6
Class 4,aeiou.pt,17
Class 4,aerotime.aero,15
Class 4,affordablehousing.com,14
Class 4,afr.com,15
Class 4,afreecatv.com,5
Class 4,africanews.com,9
Class 4,afrotech.com,39
Class 4,afsgames.com,27
Class 4,afterdawn.com,10
Class 4,agar.io,17
Class 4,agendaweb.org,23
Class 4,agilixbuzz.com,4
Class 4,agrarszektor.hu,25
Class 4,agriland.ie,2
Class 4,agrointel.ro,29
Class 4,agweb.com,4
Class 4,ahram.org.eg,10
Class 4,aidedd.org,6
Class 4,aimroas.com,5
Class 4,aion2tool.com,9
Class 4,airandspaceforces.com,5
Class 4,airfind.com,1
Class 4,airforcetimes.com,20
Class 4,airliners.net,5
Class 4,airlive.net,23
Class 4,airplane-pictures.net,6
Class 4,airwhon.com,13
Class 4,aisnet.org,2
Class 4,ajnvirals.com,6
Class 4,akasha.cv,3
Class 4,akaytruyen.com,17
Class 4,akhbarelyom.com,3
Class 4,akhbarona.com,15
Class 4,akinator.com,2
Class 4,akingsatta.in,52
Class 4,akispetretzikis.com,3
Class 4,akknovel.com,12
Class 4,akuislam.com,14
Class 4,al-marsd.com,6
Class 4,alarabiya.net,4
Class 4,alaraby.co.uk,17
Class 4,alayam24.com,24
Class 4,alba.co.jp,15
Class 4,albumoftheyear.org,5
Class 4,aldi.nl,2
Class 4,aldiwan.net,34
Class 4,alertas24.com,29
Class 4,aleteia.org,3
Class 4,alfavita.gr,2
Class 4,alfont.com,18
Class 4,algebra.com,25
Class 4,alia.ge,1
Class 4,alicanteplaza.es,8
Class 4,aljazeera.com,7
Class 4,alkhaleej.ae,13
Class 4,all.biz,20
Class 4,allabout.co.jp,10
Class 4,allafrica.com,12
Class 4,allatvkanaler.se,2
Class 4,allbanglanewspaper.xyz,18
Class 4,allbusiness.com,10
Class 4,allcruisejobs.com,12
Class 4,allears.net,9
Class 4,allkpop.com,30
Class 4,allmovie.com,19
Class 4,allmusic.com,14
Class 4,allnurses.com,6
Class 4,allocine.fr,15
Class 4,alloschool.com,12
Class 4,allpoetry.com,4
Class 4,allthatsinteresting.com,9
Class 4,alltheweb.com,8
Class 4,allure.com,38
Class 4,allwebgames.com,6
Class 4,almirah.com.pk,2
Class 4,alo.bg,4
Class 4,alphacoders.com,12
Class 4,alphacollect.co.uk,4
Class 4,alphapay.co.uk,5
Class 4,alphatv.gr,2
Class 4,alphr.com,9
Class 4,alsumaria.tv,29
Class 4,alt.dk,13
Class 4,altalex.com,7
Class 4,alternativeto.net,3
Class 4,alternet.org,13
Class 4,altervista.com,1
Class 4,altervista.org,1
Class 4,altotieteweb.com.br,7
Class 4,altpress.com,5
Class 4,alvolante.it,15
Class 4,alwadifa-maroc.com,46
Class 4,am730.com.hk,6
Class 4,amarintv.com,16
Class 4,amarmatka.co,3
Class 4,amarujala.com,13
Class 4,amass.jp,20
Class 4,amateurphotographer.com,19
Class 4,ambitiouskitchen.com,20
Class 4,ambito.com,21
Class 4,amdm.ru,10
Class 4,americanas.com.br,9
Class 4,americanrhetoric.com,13
Class 4,americansongwriter.com,5
Class 4,americasbestpics.com,17
Class 4,amna.gr,9
Class 4,amny.com,36
Class 4,amomama.com,5
Class 4,amomeupet.org,12
Class 4,amvgg.com,4
Class 4,analyticsinsight.net,17
Class 4,anandabazar.com,14
Class 4,ancient-origins.net,22
Class 4,ancient.eu,2
Class 4,andalucia.com,23
Class 4,andelemandele.lv,7
Class 4,andhrajyothy.com,28
Class 4,andina.pe,21
Class 4,andro.io,17
Class 4,androidauthority.com,9
Class 4,androidcentral.com,25
Class 4,androidfilehost.com,57
Class 4,androidheadlines.com,22
Class 4,andscape.com,6
Class 4,aniagotuje.pl,14
Class 4,anilist.co,8
Class 4,animalia.bio,14
Class 4,animalwebaction.com,18
Class 4,animationscreencaps.com,12
Class 4,animeanime.jp,13
Class 4,animecharactersdatabase.com,14
Class 4,animenewsnetwork.com,8
Class 4,aninews.in,6
Class 4,annahar.com,12
Class 4,annonce.cz,2
Class 4,annuncigratuititalia.it,6
Class 4,annunciogratis.net,11
Class 4,anobii.com,10
Class 4,anonyig.com,10
Class 4,anonymised.io,2
Class 4,anotepad.com,8
Class 4,anothermag.com,20
Class 4,answerharbor.com,5
Class 4,answerpail.com,14
Class 4,antena3.com,8
Class 4,antena3tv.com,7
Class 4,antevenio.com,1
Class 4,antoloji.com,12
Class 4,antyradio.pl,17
Class 4,anupsagar.com,26
Class 4,anushilan.com,53
Class 4,aonprd.com,7
Class 4,ap7am.com,8
Class 4,apachelounge.com,25
Class 4,apkdownloads.net,20
Class 4,apkinapp.com,51
Class 4,apkmale.com,11
Class 4,apkmentor.org,41
Class 4,apkmirror.com,12
Class 4,aplicativospro.com,76
Class 4,apnews.com,20
Class 4,apostrophe.ua,9
Class 4,appcues.com,1
Class 4,appda.ru,6
Class 4,appinfocenter.com,32
Class 4,appleinsider.com,3
Class 4,applesfera.com,13
Class 4,appmedia.jp,15
Class 4,apps2have.com,22
Class 4,appsgeyser.com,5
Class 4,appstor.io,8
Class 4,apreed.com,6
Class 4,aprenderespanol.org,24
Class 4,ara.cat,8
Class 4,arabi21.com,9
Class 4,arabiaweather.com,27
Class 4,arabic.chat,10
Class 4,arabnews.com,6
Class 4,arbfonts.com,28
Class 4,arcamax.com,27
Class 4,arcenserv.info,14
Class 4,architectsjournal.co.uk,14
Class 4,architecturaldesigns.com,20
Class 4,archweb.com,24
Class 4,archyde.com,11
Class 4,arcpublishing.com,1
Class 4,arctracker.io,6
Class 4,ardentnews.co.kr,20
Class 4,arealme.com,1
Class 4,aristeguinoticias.com,12
Class 4,arizonasports.com,12
Class 4,arkadium.com,7
Class 4,armees.com,44
Class 4,armorgames.com,18
Class 4,armytimes.com,22
Class 4,arr-atestate.ro,16
Class 4,art-cdn.com,3
Class 4,artexhibition.jp,9
Class 4,artfulparent.com,13
Class 4,artistshot.com,2
Class 4,artofmanliness.com,8
Class 4,artribune.com,8
Class 4,arynews.tv,12
Class 4,asahi-mullion.com,23
Class 4,asahi.co.jp,10
Class 4,asahi.com,24
Class 4,asam.org,4
Class 4,asciiart.eu,29
Class 4,asdocs.net,20
Class 4,asiago.it,25
Class 4,asianage.com,22
Class 4,asianetnews.com,15
Class 4,asianfanfics.com,9
Class 4,asianwiki.com,9
Class 4,asiaone.com,7
Class 4,asiatimes.com,5
Class 4,askubuntu.com,12
Class 4,asme.org,3
Class 4,asos.com,2
Class 4,asoview.com,8
Class 4,assettoworld.com,3
Class 4,astro-seek.com,6
Class 4,astroawani.com,15
Class 4,astrology.com,12
Class 4,astrology.gr,6
Class 4,astrologyfutureeye.com,20
Class 4,astrotheme.com,40
Class 4,at5.nl,3
Class 4,athensvoice.gr,16
Class 4,athinorama.gr,16
Class 4,athletiko.gr,20
Class 4,athome.lu,9
Class 4,atlantablackstar.com,29
Class 4,atlantafalcons.com,9
Class 4,atlantico.fr,4
Class 4,atmarkit.co.jp,12
Class 4,atresplayer.com,2
Class 4,atrungroi.com,22
Class 4,att.net,9
Class 4,attackofthefanboy.com,2
Class 4,atwiki.jp,5
Class 4,aucfan.com,11
Class 4,auctionzip.com,6
Class 4,auctor.tv,27
Class 4,audioaddict.com,3
Class 4,audiofanzine.com,9
Class 4,audiomack.com,4
Class 4,auone.jp,7
Class 4,austinchronicle.com,10
Class 4,austriansoccerboard.at,1
Class 4,auto-moto.com,29
Class 4,auto-swiat.pl,6
Class 4,auto123.com,18
Class 4,autoauctionhistory.com,4
Class 4,autobild.es,5
Class 4,autoc-one.jp,29
Class 4,autocar.co.uk,39
Class 4,autoevolution.com,12
Class 4,autoexpress.co.uk,15
Class 4,autojournal.fr,14
Class 4,automaistv.com.br,17
Class 4,automaton-media.com,16
Class 4,automobile-magazine.fr,8
Class 4,automobile-propre.com,10
Class 4,automobile.it,5
Class 4,automobilemag.com,2
Class 4,automobilwoche.de,6
Class 4,automoto.ua,10
Class 4,autonews.com,13
Class 4,autopapo.com.br,19
Class 4,autoplus.fr,9
Class 4,autoscout24.at,3
Class 4,autoscout24.com,14
Class 4,autoscout24.de,15
Class 4,autoscout24.es,12
Class 4,autoscout24.fr,3
Class 4,autoscout24.it,10
Class 4,autoscout24.nl,3
Class 4,autoscout24.pl,13
Class 4,autoscout24.ro,11
Class 4,autotest.com.ar,16
Class 4,autotribune.co.kr,8
Class 4,autovisie.nl,12
Class 4,autovit.ro,6
Class 4,autoweek.com,12
Class 4,auzo.tw,6
Class 4,avacontents.co.kr,2
Class 4,avanti24.pl,1
Class 4,avherald.com,6
Class 4,avito.ma,9
Class 4,avsforum.com,6
Class 4,awf.org,2
Class 4,axar.az,7
Class 4,axishistory.com,52
Class 4,axonaut.com,2
Class 4,aydinlik.com.tr,7
Class 4,az24.vn,28
Class 4,azcardinals.com,7
Class 4,azlyrics.com,13
Class 4,azpolitika.info,6
Class 4,b-name.jp,38
Class 4,babel.com,34
Class 4,baby-calendar.jp,18
Class 4,baby-kingdom.com,10
Class 4,babygames.com,27
Class 4,babynamesdirect.com,48
Class 4,bachaaparty.com,2
Class 4,bachpan.com,23
Class 4,backchina.com,4
Class 4,backiee.com,13
Class 4,backtotheretro.games,37
Class 4,backyardchickens.com,6
Class 4,baixaki.com.br,21
Class 4,balkaninsight.com,3
Class 4,baloogames.com,20
Class 4,baltimoreravens.com,19
Class 4,bangkokbiznews.com,18
Class 4,bangla-kobita.com,27
Class 4,banglahunt.com,22
Class 4,bangordailynews.com,30
Class 4,barotem.com,8
Class 4,barrons.com,13
Class 4,barstoolsports.com,12
Class 4,bartleby.com,1
Class 4,base64decode.org,16
Class 4,baseballamerica.com,2
Class 4,baseballchannel.jp,39
Class 4,basemelon.com,8
Class 4,baskadia.com,9
Class 4,basketballking.jp,7
Class 4,basketnews.com,22
Class 4,basketusa.com,3
Class 4,bassmaster.com,15
Class 4,batteryuniversity.com,6
Class 4,battlefy.com,1
Class 4,battlemetrics.com,3
Class 4,bavey.top,11
Class 4,bb.lv,47
Class 4,bbcearth.com,3
Class 4,bbm-mobile.com,10
Class 4,bbnaijadaily.com,30
Class 4,bd-pratidin.com,21
Class 4,bdgovt.info,8
Class 4,bdgovtjob.net,36
Class 4,bdjobs.com,6
Class 4,bdnews24.com,10
Class 4,beaumontenterprise.com,20
Class 4,beauty321.com,6
Class 4,befonts.com,52
Class 4,behindthevoiceactors.com,9
Class 4,beinsports.com,7
Class 4,beinsports.com.tr,2
Class 4,bella.tw,17
Class 4,bellaonline.com,40
Class 4,belloflostsouls.net,17
Class 4,benefitspro.com,8
Class 4,bengals.com,33
Class 4,benri.com,27
Class 4,benzinga.com,10
Class 4,beritasatu.com,38
Class 4,berkshireeagle.com,18
Class 4,berlingske.dk,5
Class 4,besoccer.com,12
Class 4,best-hashtags.com,23
Class 4,bestcarweb.jp,17
Class 4,bestexamhelp.com,52
Class 4,bestfunny.online,47
Class 4,bestlifeonline.com,15
Class 4,bestproducts.com,7
Class 4,bestwordlist.com,20
Class 4,betanews.com,2
Class 4,betaseries.com,18
Class 4,betimate.com,15
Class 4,betterdiscord.app,21
Class 4,bettingclosed.com,5
Class 4,beyondmeat.com,5
Class 4,bezsvitla.com.ua,11
Class 4,bfmtv.com,16
Class 4,bg-wiki.com,8
Class 4,bg3.wiki,8
Class 4,bgr.com,7
Class 4,bhagirathexp.in,15
Class 4,bhajandiary.com,40
Class 4,bhajanganga.com,32
Class 4,bharatjobresult.com,27
Class 4,bhtelecom.ba,2
Class 4,bhugolshiksha.com,56
Class 4,biathlon.com.ua,76
Class 4,bibamagazine.fr,5
Class 4,bibliaon.com,11
Class 4,bibliatodo.com,30
Class 4,bic.com,2
Class 4,bicycling.com,8
Class 4,bienici.com,15
Class 4,big.az,9
Class 4,bigissue.com,16
Class 4,bigl.ua,8
Class 4,bigmir.net,9
Class 4,bigoven.com,26
Class 4,bigsoccer.com,10
Class 4,bigtvlive.com,13
Class 4,biharhelp.in,41
Class 4,bike-news.jp,25
Class 4,bikebd.com,17
Class 4,bikedekho.com,12
Class 4,bikeradar.com,9
Class 4,bikerumor.com,9
Class 4,bikewale.com,15
Class 4,billboard-japan.com,20
Class 4,biography.com,6
Class 4,biopharmadive.com,1
Class 4,biotic.site,15
Class 4,bisafans.de,12
Class 4,bismanonline.com,9
Class 4,bisnis.com,15
Class 4,biteki.com,26
Class 4,bitinfocharts.com,6
Class 4,biv.com,18
Class 4,bjjinwangame.com,19
Class 4,blabbermouth.net,12
Class 4,black-satta.com,5
Class 4,bladeforums.com,13
Class 4,bladi.net,16
Class 4,blastingnews.com,1
Class 4,blavity.com,26
Class 4,bleedingcool.com,12
Class 4,bleepingcomputer.com,15
Class 4,blendernation.com,11
Class 4,blinklist.com,27
Class 4,bljesak.info,7
Class 4,blockaway.net,11
Class 4,blockdit.com,7
Class 4,blockshopper.com,7
Class 4,blog200porcento.com,43
Class 4,blogcritics.org,17
Class 4,blogmura.com,23
Class 4,blogoscoped.com,15
Class 4,blokbojonegoro.com,23
Class 4,bloodhorse.com,7
Class 4,bloody-disgusting.com,5
Class 4,bloomberg.co.jp,9
Class 4,bloomberglinea.com,9
Class 4,bloxfruitsvalues.com,19
Class 4,blu-ray.com,7
Class 4,bluemoon-mcfc.co.uk,13
Class 4,bluestacks.com,2
Class 4,bluewin.ch,22
Class 4,bluewings1995.com,35
Class 4,bluradio.com,22
Class 4,bmj.com,13
Class 4,bmwfans.info,6
Class 4,bntnews.co.kr,40
Class 4,boardingarea.com,11
Class 4,boards.ie,6
Class 4,boatinternational.com,3
Class 4,boiteachansons.net,15
Class 4,bol.com.br,5
Class 4,bola.com,21
Class 4,bola.net,27
Class 4,bolanarede.pt,17
Class 4,bold.dk,10
Class 4,boldsky.com,24
Class 4,boligsiden.dk,4
Class 4,bollymoviereviewz.com,41
Class 4,bolsamania.com,16
Class 4,bom.so,26
Class 4,bomcondutor.pt,18
Class 4,bongda24h.vn,29
Class 4,bongdaplus.vn,20
Class 4,bookriot.com,12
Class 4,borda.ru,25
Class 4,boredbutton.com,20
Class 4,boredpanda.com,14
Class 4,borsen.dk,13
Class 4,boston.com,7
Class 4,boston25news.com,1
Class 4,botanichka.ru,15
Class 4,botasot.info,6
Class 4,bovary.gr,18
Class 4,boxingforum24.com,15
Class 4,boxingnewsonline.net,14
Class 4,boxingscene.com,18
Class 4,boxrec.com,12
Class 4,br104.com.br,22
Class 4,braceletbook.com,23
Class 4,bradsdeals.com,17
Class 4,brandcrowd.com,3
Class 4,brandsoftheworld.com,20
Class 4,brasil247.com,5
Class 4,bravenewcoin.com,3
Class 4,breakout.com.pk,2
Class 4,breitbart.com,19
Class 4,brickeconomy.com,26
Class 4,brickfanatics.com,7
Class 4,brickset.com,11
Class 4,bridgebase.com,10
Class 4,briefly.co.za,15
Class 4,brighttalk.com,10
Class 4,brisbanetimes.com.au,11
Class 4,briskteaching.com,2
Class 4,brit.co,13
Class 4,broadsheet.com.au,23
Class 4,broadsign.com,3
Class 4,broadstreetads.com,5
Class 4,broadwaydirect.com,3
Class 4,brobible.com,22
Class 4,bronco6g.com,5
Class 4,brooklynvegan.com,8
Class 4,brosuri123.bg,17
Class 4,browserscan.net,16
Class 4,brusselstimes.com,7
Class 4,brutto-netto-rechner.info,2
Class 4,bseodisha.guru,25
Class 4,bsport.io,2
Class 4,bt.dk,14
Class 4,bucataras.ro,3
Class 4,buccaneers.com,22
Class 4,buchstaben.com,2
Class 4,buddy4study.com,18
Class 4,budgetbytes.com,27
Class 4,buffalobills.com,25
Class 4,buholegal.com,13
Class 4,buienalarm.nl,1
Class 4,bundesliga.com,6
Class 4,bunjang.co.kr,10
Class 4,bunshun.jp,11
Class 4,buscape.com.br,9
Class 4,business-live.co.uk,9
Class 4,business-standard.com,28
Class 4,businessdailyafrica.com,13
Class 4,businessesforsale.com,1
Class 4,businessgreen.com,16
Class 4,businessinsider.es,20
Class 4,businessinsider.jp,18
Class 4,businessinsider.nl,13
Class 4,businesskorea.co.kr,13
Class 4,businesstoday.com.tw,21
Class 4,businesstoday.in,10
Class 4,busphoto.eu,7
Class 4,bustednewspaper.com,19
Class 4,bustimes.org,10
Class 4,bustle.com,6
Class 4,butfootballclub.fr,12
Class 4,buzzarab.com,8
Class 4,buzzday.info,24
Class 4,buzzfeed.com,10
Class 4,buzznet.com,4
Class 4,byggahus.se,14
Class 4,byteshieldns.com,4
Class 4,c14.co.il,34
Class 4,c5n.com,17
Class 4,caasimada.net,18
Class 4,cadena3.com,6
Class 4,cadillacsociety.com,47
Class 4,cafedelites.com,33
Class 4,cafemom.com,28
Class 4,calcalist.co.il,15
Class 4,calcalistech.com,10
Class 4,calculator.io,17
Class 4,calculators.ro,14
Class 4,calculeitor.com,41
Class 4,calculoexato.com.br,10
Class 4,calendarr.com,12
Class 4,calibre-ebook.com,11
Class 4,callbomber.in,36
Class 4,callbomberz.in,4
Class 4,callofwar.com,1
Class 4,callrail.com,1
Class 4,cambiocolombia.com,12
Class 4,cambridge-news.co.uk,10
Class 4,camillestyles.com,13
Class 4,campaignlive.co.uk,10
Class 4,camping.info,2
Class 4,campograndenews.com.br,20
Class 4,canadafreepress.com,34
Class 4,canal26.com,15
Class 4,canalblog.com,10
Class 4,canalsur.es,9
Class 4,canaltech.com.br,17
Class 4,canalturf.com,19
Class 4,canberratimes.com.au,22
Class 4,cancam.jp,12
Class 4,cancan.ro,10
Class 4,candlepowerforums.com,18
Class 4,canlialtinfiyatlari.com,30
Class 4,canliradyodinle.fm,19
Class 4,capcut.com.in,22
Class 4,capital.gr,16
Class 4,capitalfm.com,12
Class 4,capitalizemytitle.com,17
Class 4,caracol.com.co,2
Class 4,caracoltv.com,14
Class 4,caranddriver.com,13
Class 4,carandmotor.gr,12
Class 4,carburando.com,24
Class 4,cardgames.io,16
Class 4,cardsrealm.com,3
Class 4,careerbliss.com,7
Class 4,carehealthsource.com,11
Class 4,carewellpharma.in,23
Class 4,carexpert.com.au,6
Class 4,cargames.com,26
Class 4,carisinyal.com,49
Class 4,carmag.co.za,20
Class 4,carnewschina.com,39
Class 4,carrodopovo.com.br,4
Class 4,carscoops.com,35
Class 4,carta.menu,11
Class 4,cartacapital.com.br,21
Class 4,carup.se,29
Class 4,carwale.com,10
Class 4,carwow.co.uk,18
Class 4,carwow.de,16
Class 4,cas.sk,14
Class 4,casekaro.com,9
Class 4,castedduonline.it,6
Class 4,catalog-az.ro,34
Class 4,catholic.net,21
Class 4,catster.com,2
Class 4,catve.com,13
Class 4,cba24n.com.ar,36
Class 4,cbc.ca,11
Class 4,cbs12.com,27
Class 4,cbs6albany.com,23
Class 4,cbsaustin.com,21
Class 4,cbseskilleducation.com,19
Class 4,ccm.net,12
Class 4,cdn.house,5
Class 4,cekresi.com,33
Class 4,celebitchy.com,21
Class 4,celebmafia.com,14
Class 4,celebritynetworth.com,20
Class 4,celebuzz.com,32
Class 4,celsoazevedo.com,6
Class 4,censor.net.ua,5
Class 4,centralmaine.com,12
Class 4,centredevils.co.uk,1
Class 4,centrodeapuestaselrey.com.ve,23
Class 4,centrum.sk,7
Class 4,ceo.ca,13
Class 4,certitudes.org,6
Class 4,cfb.fan,25
Class 4,cgccomics.com,11
Class 4,cgrcinemas.fr,9
Class 4,cgsecurity.org,25
Class 4,cgtips.org,49
Class 4,cgv.id,9
Class 4,ch3plus.com,18
Class 4,ch7.com,18
Class 4,chaffey.edu,1
Class 4,challenges.fr,10
Class 4,chamberofcommerce.com,14
Class 4,chancescolombia.com,11
Class 4,channelnewsasia.com,13
Class 4,channelstv.com,21
Class 4,character.ai,5
Class 4,charactercalculator.com,5
Class 4,chargebee.com,3
Class 4,chargers.com,15
Class 4,chartsinfrance.net,22
Class 4,chatarg.com,4
Class 4,chatblink.com,10
Class 4,chatlyverse.com,16
Class 4,chavesnamao.com.br,3
Class 4,cheater.fun,17
Class 4,cheatsheet.com,18
Class 4,check4d.org,35
Class 4,checkcompany.co.uk,36
Class 4,checkfresh.com,21
Class 4,checkfront.com,2
Class 4,chefsimon.com,15
Class 4,cheftoondiligord.site,4
Class 4,chemie.de,1
Class 4,chemistryworld.com,5
Class 4,chemspider.com,2
Class 4,chess-results.com,12
Class 4,chibanippo.co.jp,25
Class 4,chicagobears.com,22
Class 4,chicagobusiness.com,16
Class 4,chicagomag.com,60
Class 4,chicagoreader.com,15
Class 4,chickensmoothie.com,8
Class 4,chiefs.com,40
Class 4,chileautos.cl,15
Class 4,chiletrabajos.cl,10
Class 4,chilevision.cl,27
Class 4,chinatimes.com,17
Class 4,chitrajyothy.com,40
Class 4,chonborista.com,14
Class 4,chordzaa.com,14
Class 4,chpic.su,57
Class 4,chpmugla.org.tr,18
Class 4,christiancafe.com,6
Class 4,christiantoday.com,7
Class 4,christsquare.com,37
Class 4,chugoku-np.co.jp,23
Class 4,chunichi.co.jp,24
Class 4,chunkbase.com,12
Class 4,cienradios.com,3
Class 4,cifraclub.com,19
Class 4,cifraclub.com.br,13
Class 4,cincpro.com,1
Class 4,cinemablend.com,17
Class 4,cinemagia.ro,22
Class 4,cinemasunshine.co.jp,6
Class 4,cinematoday.jp,32
Class 4,cineplex.de,3
Class 4,cinepolis.com,3
Class 4,cineulagam.com,19
Class 4,cineuropa.org,1
Class 4,citationmachine.net,1
Class 4,citizen.digital,11
Class 4,citizenfreepress.com,6
Class 4,citypopulation.de,13
Class 4,civfanatics.com,12
Class 4,civitai.com,2
Class 4,clarin.com,18
Class 4,clash.ninja,21
Class 4,clashofclans-layouts.com,21
Class 4,classic-trader.com,13
Class 4,classicdriver.com,10
Class 4,classicfm.com,12
Class 4,classicgamezone.com,11
Class 4,classificats.net,11
Class 4,classifiedads.com,14
Class 4,classihub.in,4
Class 4,classroom-6x.io,43
Class 4,classroom66.com,8
Class 4,classroom67.com,7
Class 4,cleanmasterguru.online,4
Class 4,cleantechnica.com,23
Class 4,clevelandbrowns.com,16
Class 4,cleverappssg.com,28
Class 4,clevescene.com,13
Class 4,click.ro,11
Class 4,click2houston.com,1
Class 4,clickasnap.com,7
Class 4,clickondetroit.com,3
Class 4,clicrbs.com.br,13
Class 4,clien.net,16
Class 4,climate-data.org,5
Class 4,clipmyhorse.tv,9
Class 4,closerweekly.com,13
Class 4,cloudmoonapp.com,18
Class 4,cloudz.fun,25
Class 4,clubic.com,12
Class 4,clutchpoints.com,17
Class 4,cmg.com,3
Class 4,cmswire.com,7
Class 4,cna.com.tw,19
Class 4,cnbcindonesia.com,10
Class 4,cnbctv18.com,8
Class 4,cnetfrance.fr,1
Class 4,cnevpost.com,15
Class 4,cnews.fr,16
Class 4,cnn.gr,12
Class 4,cnnbrasil.com.br,4
Class 4,cnnindonesia.com,16
Class 4,cnpython.com,20
Class 4,cntraveller.com,28
Class 4,cnx-software.com,13
Class 4,cnycentral.com,20
Class 4,cocokara-next.com,34
Class 4,coconuts.co,8
Class 4,codeblocks.org,21
Class 4,codecguide.com,19
Class 4,codeproject.com,5
Class 4,codicefiscaleonline.com,28
Class 4,codigo-postal.org,30
Class 4,coinglass.com,5
Class 4,coinreaders.com,35
Class 4,cointiply.com,1
Class 4,cokitos.com,18
Class 4,colombia.com,13
Class 4,colonist.io,4
Class 4,color-site.com,27
Class 4,colorhunt.co,7
Class 4,colts.com,28
Class 4,columbiamissourian.com,16
Class 4,columbiaspectator.com,13
Class 4,comcbt.com,21
Class 4,comedy.co.uk,15
Class 4,comic.studio,6
Class 4,comicbook.com,17
Class 4,comick.dev,1
Class 4,comingsoon.net,3
Class 4,comisarul.ro,6
Class 4,commanders.com,8
Class 4,comments.ua,14
Class 4,commerceschool.in,30
Class 4,commoncoresheets.com,9
Class 4,companiesmarketcap.com,51
Class 4,comparis.ch,17
Class 4,compradiccion.com,15
Class 4,compraensanjuan.com,17
Class 4,compressjpeg.com,6
Class 4,computerandvideogames.com,15
Class 4,computerhoy.com,5
Class 4,computing.co.uk,11
Class 4,comuniazo.com,13
Class 4,concepto.de,19
Class 4,conectate.com.do,16
Class 4,connectiontest.site,4
Class 4,connexity.com,1
Class 4,consequence.net,9
Class 4,consequenceofsound.net,8
Class 4,consolegameswiki.com,25
Class 4,constructiondive.com,1
Class 4,contabeis.com.br,37
Class 4,contactcars.com,4
Class 4,contactform7.com,5
Class 4,contactmusic.com,38
Class 4,contaspoupanca.pt,15
Class 4,contexto.me,10
Class 4,contextotucuman.com,17
Class 4,convertunits.com,24
Class 4,cookieandkate.com,22
Class 4,cookien.com,12
Class 4,cookingclassy.com,17
Class 4,cookomix.com,21
Class 4,coolconversion.com,23
Class 4,cooltext.com,34
Class 4,cope.es,21
Class 4,copperknob.co.uk,19
Class 4,corkbeo.ie,10
Class 4,cornucopia.se,3
Class 4,corotos.com.do,16
Class 4,corrieredellosport.it,5
Class 4,cosedicasa.com,4
Class 4,cosme.net,23
Class 4,cosmopolitan.com,8
Class 4,cosmopolitan.fr,8
Class 4,cotidianul.ro,6
Class 4,cotilleando.com,5
Class 4,cotta.jp,14
Class 4,countrylife.co.uk,25
Class 4,countryliving.com,9
Class 4,couples.jp,13
Class 4,courstika.com,33
Class 4,coventrytelegraph.net,8
Class 4,cp.sk,34
Class 4,cplemaire.net,20
Class 4,cplusplus.com,32
Class 4,cpomagazine.com,8
Class 4,cpu-world.com,22
Class 4,cpubenchmark.net,21
Class 4,cpuid.com,50
Class 4,cracked.com,4
Class 4,crainscleveland.com,10
Class 4,crainsdetroit.com,13
Class 4,crainsnewyork.com,11
Class 4,crautos.com,6
Class 4,creativebloq.com,28
Class 4,creativereview.co.uk,7
Class 4,creazilla.com,5
Class 4,cretalive.gr,15
Class 4,creusot-infos.com,14
Class 4,cricbuzz.com,9
Class 4,cricinfo.com,6
Class 4,cricket.com.au,16
Class 4,crikey.com.au,10
Class 4,crimejasoos.in,12
Class 4,cronica.com.ar,8
Class 4,cronica.com.mx,29
Class 4,cronista.com,18
Class 4,crooksandliars.com,16
Class 4,crosswordsolver.org,6
Class 4,croxyproxy.com,39
Class 4,cruisemapper.com,19
Class 4,crunchgear.com,10
Class 4,crx7601.com,2
Class 4,cryptopolitan.com,13
Class 4,crystalmark.info,15
Class 4,csfd.sk,10
Class 4,csid.ro,5
Class 4,ctbids.com,9
Class 4,ctee.com.tw,12
Class 4,ctinews.com,18
Class 4,ctv.ca,8
Class 4,cuatro.com,25
Class 4,cuchd.in,5
Class 4,cuitonline.com,8
Class 4,cults3d.com,16
Class 4,culturagenial.com,13
Class 4,culturando.online,12
Class 4,culturequizz.com,37
Class 4,culturescloud.net,28
Class 4,cumhuriyet.com.tr,20
Class 4,cupofjo.com,15
Class 4,curanet.dk,2
Class 4,currencyrate.today,26
Class 4,cursbnr.ro,39
Class 4,custommapposter.com,18
Class 4,cute-cursors.com,30
Class 4,cutestat.com,37
Class 4,cyberduck.io,12
Class 4,cybermen.com,42
Class 4,cybersecuritynews.com,34
Class 4,cyclingnews.com,25
Class 4,cyclingweekly.com,32
Class 4,cyklobazar.cz,15
Class 4,cz24.news,15
Class 4,czynaczas.pl,5
Class 4,d20pfsrd.com,9
Class 4,dafont.com,3
Class 4,dagens.se,2
Class 4,dagensps.se,6
Class 4,dagospia.com,17
Class 4,daily.co.jp,33
Class 4,dailyadvent.com,10
Class 4,dailyamardesh.com,14
Class 4,dailycal.org,12
Class 4,dailycannon.com,2
Class 4,dailydot.com,7
Class 4,dailyfaceoff.com,11
Class 4,dailyfinance.com,8
Class 4,dailygalaxy.com,5
Class 4,dailyherald.com,13
Class 4,dailyhive.com,12
Class 4,dailyhodl.com,14
Class 4,dailyhunt.in,25
Class 4,dailyinqilab.com,9
Class 4,dailyiowan.com,29
Class 4,dailykos.com,16
Class 4,dailylviv.com,25
Class 4,dailymaverick.co.za,8
Class 4,dailymirror.lk,8
Class 4,dailynews.co.th,12
Class 4,dailynewsegypt.com,5
Class 4,dailynorthwestern.com,17
Class 4,dailypakistan.com.pk,10
Class 4,dailypost.ng,15
Class 4,dailystrength.org,4
Class 4,dailythanthi.com,12
Class 4,dailytrust.com,24
Class 4,dak.gg,5
Class 4,dallascowboys.com,42
Class 4,damedetrefle.com,8
Class 4,damndelicious.net,33
Class 4,dandomain.dk,2
Class 4,dandwiki.com,3
Class 4,daniweb.com,10
Class 4,dantri.com.vn,18
Class 4,darik.bg,15
Class 4,daringgourmet.com,23
Class 4,darkorbit.com,1
Class 4,dashmetry.com,5
Class 4,datamation.com,5
Class 4,datareportal.com,7
Class 4,datasheetbank.com,10
Class 4,datasheetq.com,9
Class 4,date-hijri.net,23
Class 4,dateandtime.info,31
Class 4,dateas.com,14
Class 4,davidlebovitz.com,16
Class 4,day.az,13
Class 4,dayspedia.com,25
Class 4,dazeddigital.com,21
Class 4,dazn.com,1
Class 4,dcfever.com,18
Class 4,dcode.fr,48
Class 4,dcrainmaker.com,24
Class 4,dcurbanmom.com,8
Class 4,dd1.fr,9
Class 4,dealercenter.net,1
Class 4,dealmoon.com,18
Class 4,dear-lottery.in,39
Class 4,death-clock.org,10
Class 4,debeste.de,7
Class 4,decanter.com,21
Class 4,deccanchronicle.com,29
Class 4,deccanherald.com,27
Class 4,december.com,5
Class 4,decider.com,29
Class 4,decoration-cloud.com,7
Class 4,decorexpro.com,50
Class 4,deepika.com,5
Class 4,deeplol.gg,13
Class 4,defence-blog.com,16
Class 4,defence-ua.com,16
Class 4,defencesecurityasia.com,18
Class 4,defensacentral.com,7
Class 4,defenseone.com,9
Class 4,defenseromania.ro,15
Class 4,definitions.net,11
Class 4,dehasher.com,44
Class 4,dejugadas.com,16
Class 4,dek-d.com,13
Class 4,dekudeals.com,8
Class 4,delfi.lv,10
Class 4,deliil.com,49
Class 4,delish.com,7
Class 4,delishkitchen.tv,10
Class 4,delo.ua,7
Class 4,delta-executor.com,15
Class 4,deltiasgaming.com,16
Class 4,delugerpg.com,3
Class 4,demand.supply,3
Class 4,demilked.com,8
Class 4,democraticunderground.com,32
Class 4,denik.cz,9
Class 4,denofgeek.com,12
Class 4,denverbroncos.com,19
Class 4,depedclub.com,43
Class 4,depor.com,20
Class 4,deportesrcn.com,10
Class 4,der-betze-brennt.de,1
Class 4,desanaob.id,35
Class 4,descopera.ro,10
Class 4,desdeparaguay.com,37
Class 4,deseret.com,25
Class 4,deseretnews.com,16
Class 4,desertusa.com,48
Class 4,deshabhimani.com,5
Class 4,design.com,4
Class 4,designboom.com,9
Class 4,designcrowd.com,6
Class 4,designmag.it,16
Class 4,desktophut.com,4
Class 4,desktopnexus.com,18
Class 4,detik.com,7
Class 4,detiknetwork.com,7
Class 4,detroitlions.com,23
Class 4,deutsche-wirtschafts-nachrichten.de,9
Class 4,developpez.com,4
Class 4,developpez.net,4
Class 4,devx.com,7
Class 4,dexerto.com,9
Class 4,dfb.de,8
Class 4,dhakapost.com,8
Class 4,dhankesari.org,36
Class 4,dhnet.be,15
Class 4,di.fm,3
Class 4,diabetes.co.uk,30
Class 4,diablo2.io,7
Class 4,diainternacionalde.com,30
Class 4,dialog.ua,24
Class 4,diamond-rm.net,24
Class 4,diamondsattamatka.co,21
Class 4,diariandorra.ad,5
Class 4,diaridegirona.cat,20
Class 4,diario.mx,29
Class 4,diarioconstitucional.cl,30
Class 4,diariocordoba.com,20
Class 4,diariodeburgos.es,42
Class 4,diariodecuyo.com.ar,17
Class 4,diariodeibiza.es,20
Class 4,diariodelaltoaragon.es,12
Class 4,diariodemallorca.es,11
Class 4,diariodenavarra.es,1
Class 4,diarioeldia.cl,11
Class 4,diariohuarpe.com,26
Class 4,diariojornada.com.ar,15
Class 4,diariolibre.com,30
Class 4,diariosur.es,33
Class 4,diariouno.com.ar,19
Class 4,diariovasco.com,23
Class 4,dicio.com.br,19
Class 4,dicionariodenomesproprios.com.br,14
Class 4,dict.cc,5
Class 4,dictionary.com,10
Class 4,dictzone.com,22
Class 4,didactic.ro,17
Class 4,diez.hn,18
Class 4,diffordsguide.com,7
Class 4,diggfun.co,40
Class 4,digi24.ro,14
Class 4,digipuzzle.net,14
Class 4,digisport.ro,15
Class 4,digital-photography-school.com,24
Class 4,digitalcameraworld.com,26
Class 4,digitalcitizen.life,12
Class 4,digitalir.in,5
Class 4,digitalmatter.ai,3
Class 4,digitalmusicnews.com,12
Class 4,digitalspy.co.uk,10
Class 4,digitalspy.com,12
Class 4,digitaltoday.co.kr,6
Class 4,digitaltrends.com,18
Class 4,diken.com.tr,21
Class 4,dime.jp,38
Class 4,dinamalar.com,13
Class 4,dinamani.com,35
Class 4,diningcode.com,29
Class 4,dinneratthezoo.com,21
Class 4,directoalpaladar.com,12
Class 4,directvelo.com,10
Class 4,direktno.rs,38
Class 4,discgolfmetrix.com,14
Class 4,discovermagazine.com,15
Class 4,discovermyev.com,4
Class 4,discoverwildlife.com,12
Class 4,disnakerja.com,40
Class 4,disneyfanatic.com,19
Class 4,distractify.com,7
Class 4,divinity.es,22
Class 4,divitarot.com,15
Class 4,divxland.org,19
Class 4,diyphotography.net,8
Class 4,djournal.com,10
Class 4,djsarzen.com,11
Class 4,dll-files.com,31
Class 4,dlsofficial.com,27
Class 4,dmitory.com,6
Class 4,dmsolutions.de,1
Class 4,dmv-written-test.com,5
Class 4,dmwiki.net,6
Class 4,dn.pt,35
Class 4,dnevnik.si,16
Class 4,dnomotoke.com,37
Class 4,doba.pl,21
Class 4,dobrapogoda24.pl,14
Class 4,docnhanh.vn,30
Class 4,docstoc.com,5
Class 4,doctissimo.fr,6
Class 4,doctorbangladesh.com,19
Class 4,documentonews.gr,3
Class 4,dododex.com,7
Class 4,dofuspourlesnoobs.com,26
Class 4,dogs.ie,8
Class 4,dogster.com,2
Class 4,dogtime.com,6
Class 4,dokkaninfo.com,11
Class 4,dolarhoy.com,19
Class 4,domikids.tv,37
Class 4,dominoislandgame.com,4
Class 4,donanimarsivi.com,22
Class 4,donga.com,14
Class 4,dota2protracker.com,11
Class 4,dotafire.com,13
Class 4,doveconviene.it,12
Class 4,dovizborsa.com,12
Class 4,downshiftology.com,16
Class 4,doxygen.nl,20
Class 4,doxygen.org,14
Class 4,dpreview.com,15
Class 4,draftsim.com,29
Class 4,dragcave.net,7
Class 4,drakensang.com,1
Class 4,dreadcentral.com,44
Class 4,dreamies.de,3
Class 4,dreamjob.ma,28
Class 4,dreamkitsapp.com,41
Class 4,dreamlab.pl,2
Class 4,dreamlightvalleywiki.com,8
Class 4,dreevoo.com,19
Class 4,drf.com,11
Class 4,drinkag1.com,2
Class 4,drip.com,2
Class 4,drive.com.au,16
Class 4,drive.place,25
Class 4,driveridentifier.com,22
Class 4,drivespark.com,25
Class 4,drugs.com,5
Class 4,drummerworld.com,8
Class 4,ds4-windows.com,40
Class 4,dsogaming.com,18
Class 4,dsport.bg,14
Class 4,dtdns.com,14
Class 4,dublinlive.ie,10
Class 4,ducatiforum.co.uk,25
Class 4,duelingnexus.com,8
Class 4,duellinksmeta.com,7
Class 4,duhuliye.com,20
Class 4,dukuhdungus.id,30
Class 4,dumazahrada.cz,21
Class 4,dumpert.nl,4
Class 4,dundam.xyz,10
Class 4,dunya.com,28
Class 4,dunyanews.tv,18
Class 4,duq.edu,11
Class 4,dutchnews.nl,24
Class 4,dvdsreleasedates.com,28
Class 4,dvdtalk.com,14
Class 4,dvhn.nl,4
Class 4,dwell.com,7
Class 4,dwgmodels.com,24
Class 4,dwl.co.in,4
Class 4,dynamo.kiev.ua,17
Class 4,dzmeteo.com,59
Class 4,dzone.com,15
Class 4,e-radio.gr,43
Class 4,e1.ru,22
Class 4,eaglercraft.com,15
Class 4,earth911.com,17
Class 4,earthcam.com,19
Class 4,earthquaketrack.com,42
Class 4,earthsky.org,19
Class 4,eastidahonews.com,43
Class 4,easybib.com,1
Class 4,easynet.fr,4
Class 4,easynet.net,5
Class 4,eatingbirdfood.com,19
Class 4,eatingonadime.com,16
Class 4,eatthis.com,15
Class 4,eauctionsindia.com,6
Class 4,ebanglalibrary.com,10
Class 4,ebay.ca,2
Class 4,ebay.com,2
Class 4,ebay.com.au,2
Class 4,ebay.com.my,2
Class 4,ebay.com.sg,2
Class 4,ebay.ph,2
Class 4,ebihoreanul.ro,19
Class 4,ebony.com,5
Class 4,ecentral.my,27
Class 4,echodnia.eu,2
Class 4,echoroukonline.com,25
Class 4,ecnavi.jp,18
Class 4,ecodibergamo.it,8
Class 4,ecoinventos.com,8
Class 4,economedia.ro,3
Class 4,economica.net,2
Class 4,economist.com,10
Class 4,economycloud.net,13
Class 4,ecoticias.com,29
Class 4,ecranlarge.com,13
Class 4,eczaneler.gen.tr,19
Class 4,edahabapp.com,37
Class 4,edan.io,4
Class 4,eddirasa.com,28
Class 4,edgenextcdn.net,5
Class 4,edh.tw,15
Class 4,edinburghlive.co.uk,10
Class 4,editingprompt.com,32
Class 4,editorialedomani.it,13
Class 4,edreams.com,12
Class 4,edreams.es,23
Class 4,edreams.fr,32
Class 4,edreams.it,21
Class 4,edreams.pt,11
Class 4,educarriere.ci,10
Class 4,edupstairs.org,26
Class 4,eedina.com,3
Class 4,eefkooktzo.nl,15
Class 4,efe.com,13
Class 4,efight.jp,9
Class 4,efsyn.gr,24
Class 4,efunda.com,45
Class 4,egypttoday.com,11
Class 4,ehenho.com,12
Class 4,eigachannel.jp,37
Class 4,einforma.com,8
Class 4,eiplus.com.br,5
Class 4,eju.tv,29
Class 4,ekispert.net,7
Class 4,ekitan.com,18
Class 4,ekiten.jp,10
Class 4,eklablog.com,7
Class 4,ekonomim.com,18
Class 4,ekstrabladet.dk,11
Class 4,elal.com,1
Class 4,elaosboa.com,32
Class 4,elbalad.news,5
Class 4,elcinema.com,14
Class 4,elclasificado.com,15
Class 4,elcomercio.com,13
Class 4,elcomercio.es,29
Class 4,elcomercio.pe,23
Class 4,elconsolto.com,12
Class 4,elcordillerano.com.ar,15
Class 4,elcorreo.com,36
Class 4,elcorreogallego.es,12
Class 4,elcorreoweb.es,13
Class 4,eldesconcierto.cl,27
Class 4,eldesmarque.com,28
Class 4,eldestapeweb.com,13
Class 4,eldia.com,22
Class 4,eldia.es,12
Class 4,eldiadevalladolid.com,43
Class 4,eldiariomontanes.es,36
Class 4,eldoce.tv,20
Class 4,eleco.com.ar,10
Class 4,eleconomista.com.mx,31
Class 4,eleconomista.es,11
Class 4,electricliterature.com,11
Class 4,electronicsweekly.com,39
Class 4,eleftherostypos.gr,16
Class 4,elespanol.com,3
Class 4,elfinanciero.com.mx,18
Class 4,elheraldo.co,13
Class 4,elheraldo.hn,13
Class 4,elimparcial.com,19
Class 4,elintransigente.com,16
Class 4,elitedaily.com,3
Class 4,eliteguias.com,7
Class 4,eliteprospects.com,11
Class 4,elkhabar.com,59
Class 4,elle.com,8
Class 4,elle.com.au,23
Class 4,elledecor.com,8
Class 4,elliberal.com.ar,34
Class 4,ellitoral.com.ar,12
Class 4,elllo.org,35
Class 4,elmostrador.cl,9
Class 4,elnashra.com,6
Class 4,elnortedecastilla.es,32
Class 4,elpais.com.co,30
Class 4,elpais.com.uy,34
Class 4,elperiodico.com,13
Class 4,elperiodicodearagon.com,21
Class 4,elperiodicoextremadura.com,18
Class 4,elperiodicomediterraneo.com,25
Class 4,elperuano.pe,19
Class 4,elplural.com,14
Class 4,elsalvador.com,9
Class 4,elsiglodetorreon.com.mx,37
Class 4,elsol.com.ar,20
Class 4,eltoque.com,13
Class 4,eltribuno.com,21
Class 4,eluniversal.com,25
Class 4,eluniversal.com.co,18
Class 4,elvebredd.com,9
Class 4,elvocero.com,8
Class 4,elwatannews.com,17
Class 4,emanetgames.com,11
Class 4,emerce.nl,16
Class 4,emlakjet.com,14
Class 4,emochi.com,5
Class 4,emoji.gg,21
Class 4,emojipedia.org,13
Class 4,emporda.info,14
Class 4,empregacampinas.com.br,49
Class 4,enanyang.my,18
Class 4,encuentra24.com,10
Class 4,encyclopedia.com,14
Class 4,endfieldtools.dev,6
Class 4,endomondo.com,15
Class 4,eng-tips.com,1
Class 4,engadget.com,14
Class 4,engineeringtoolbox.com,4
Class 4,englishclub.com,4
Class 4,eniro.se,6
Class 4,entabe.jp,32
Class 4,enterjoy.day,4
Class 4,entertainment.ie,13
Class 4,entertainmentcloud.net,7
Class 4,entertainmentnow.com,11
Class 4,entreparticuliers.com,17
Class 4,entrepreneur.com,5
Class 4,ents24.com,5
Class 4,enworld.org,8
Class 4,eomisae.co.kr,23
Class 4,eorzeacollection.com,5
Class 4,ephotozine.com,17
Class 4,epicgardening.com,12
Class 4,epochconverter.com,20
Class 4,epochtimes.com,3
Class 4,epoznan.pl,6
Class 4,epravda.com.ua,14
Class 4,epreselec.com,1
Class 4,eprice.com.tw,34
Class 4,epw.in,10
Class 4,equibase.com,14
Class 4,equidia.fr,11
Class 4,erail.in,14
Class 4,eram.fr,1
Class 4,ert.gr,3
Class 4,escapadarural.com,2
Class 4,esciclismo.com,20
Class 4,escolagames.com.br,21
Class 4,esecurityplanet.com,17
Class 4,esl-lab.com,15
Class 4,eso-hub.com,24
Class 4,esologs.com,6
Class 4,esp.md,12
Class 4,espc.com,12
Class 4,esperanzagraciaoficial.es,28
Class 4,espinof.com,15
Class 4,espn.co.uk,9
Class 4,espn.com,8
Class 4,espn.com.ar,7
Class 4,espn.com.au,9
Class 4,espn.com.br,7
Class 4,espn.com.co,6
Class 4,espn.com.do,7
Class 4,espn.com.ec,9
Class 4,espn.com.pe,5
Class 4,espn.com.sg,10
Class 4,espn.com.ve,7
Class 4,espn.in,4
Class 4,espn.ph,11
Class 4,espncdn.com,6
Class 4,espncricinfo.com,7
Class 4,espreso.tv,3
Class 4,esprit-turf.fr,1
Class 4,esquelasdeasturias.com,5
Class 4,esquire.com,8
Class 4,esse-online.jp,19
Class 4,essexlive.news,8
Class 4,estadao.com.br,11
Class 4,estadiodeportivo.com,17
Class 4,estar.jp,5
Class 4,estrategiasdeinversion.com,14
Class 4,etbilarabi.com,10
Class 4,etf.com,5
Class 4,ets2world.com,19
Class 4,ettoday.net,31
Class 4,eturbonews.com,11
Class 4,etusuora.com,19
Class 4,etvbharat.com,9
Class 4,euobserver.com,4
Class 4,eurobasket.com,17
Class 4,eurointegration.com.ua,21
Class 4,euroinvestor.dk,7
Class 4,euromaidanpress.com,18
Class 4,euromoney.com,1
Class 4,euronews.com,37
Class 4,euronews.net,15
Class 4,europe1.fr,4
Class 4,europeanbestdestinations.com,16
Class 4,eurovisionworld.com,19
Class 4,euroweeklynews.com,17
Class 4,eva.vn,13
Class 4,evangelisch.de,2
Class 4,eveonline.com,1
Class 4,everybodywiki.com,12
Class 4,everything2.com,20
Class 4,evidyarthi.in,33
Class 4,evite.com,6
Class 4,evo.co.uk,16
Class 4,evoke.ie,13
Class 4,evoworld.io,10
Class 4,eweek.com,13
Class 4,exam-eg.com,35
Class 4,examsarkariresult.info,52
Class 4,examside.com,5
Class 4,examveda.com,39
Class 4,excelsior.com.mx,10
Class 4,exchangerates.org.uk,4
Class 4,excite.co.jp,18
Class 4,exophase.com,7
Class 4,expansion.mx,12
Class 4,expatistan.com,1
Class 4,expatriates.com,5
Class 4,expeditionportal.com,10
Class 4,expertini.com,18
Class 4,expertreviews.co.uk,23
Class 4,explained.today,26
Class 4,explosm.net,11
Class 4,exposureevents.com,7
Class 4,expreso.ec,6
Class 4,express.pk,18
Class 4,ezgif.com,14
Class 4,f1jouhou2.com,57
Class 4,f1mania.net,12
Class 4,f1technical.net,6
Class 4,f4wonline.com,3
Class 4,f5.si,7
Class 4,facty.com,6
Class 4,fakenamegenerator.com,5
Class 4,fakt.pl,3
Class 4,faktor.ba,17
Class 4,fakty.com.ua,16
Class 4,fallout.wiki,5
Class 4,falstaff.com,11
Class 4,familyeducation.com,30
Class 4,fanatik.com.tr,43
Class 4,fancaps.net,2
Class 4,fandomwire.com,8
Class 4,fanfiktion.de,24
Class 4,fangoria.com,19
Class 4,fantacalcio.it,31
Class 4,fantasyfootballscout.co.uk,15
Class 4,farfeshplus.com,12
Class 4,farmerama.com,1
Class 4,farmersalmanac.com,27
Class 4,farmingsimulator25mods.com,17
Class 4,farodevigo.es,14
Class 4,faroutmagazine.co.uk,1
Class 4,fashion-press.net,17
Class 4,fashionscloud.net,15
Class 4,fashionunited.com,9
Class 4,fastcodesign.com,10
Class 4,fastcoexist.com,2
Class 4,fastcompany.com,8
Class 4,fastdl.app,19
Class 4,fastjobsearchers.com,34
Class 4,fastvideosave.net,12
Class 4,fatherly.com,5
Class 4,fattoincasadabenedetta.it,8
Class 4,favpng.com,17
Class 4,fbdown.to,16
Class 4,fcf.cat,11
Class 4,fcstats.com,13
Class 4,fdmr.party,26
Class 4,fdown.net,5
Class 4,feastingathome.com,53
Class 4,featuretv.online,4
Class 4,feelgoodfoodie.net,19
Class 4,femalefirst.co.uk,7
Class 4,femina.fr,16
Class 4,fetchv.net,24
Class 4,ffkipas.org,26
Class 4,fflivegame.com,24
Class 4,fflogs.com,9
Class 4,ffo.jp,11
Class 4,fichajes.com,10
Class 4,fieldandstream.com,11
Class 4,fifacm.com,7
Class 4,fightful.com,41
Class 4,figsoku.net,8
Class 4,fileforum.com,23
Class 4,filehippo.com,18
Class 4,filehorse.com,19
Class 4,filmaffinity.com,12
Class 4,filmarks.com,11
Class 4,filmi.hu,3
Class 4,filmibeat.com,8
Class 4,filmogaz.com,20
Class 4,filmsite.org,24
Class 4,filmvandaag.nl,12
Class 4,filmweb.pl,7
Class 4,filmyquotes.com,35
Class 4,fimela.com,35
Class 4,finacecloud.com,15
Class 4,finalank.net,17
Class 4,financebuzz.com,3
Class 4,financialcontent.com,10
Class 4,financialexpress.com,11
Class 4,fincaraiz.com.co,8
Class 4,findagrave.com,13
Class 4,findretro.games,26
Class 4,finofilipino.org,19
Class 4,finviz.com,16
Class 4,firekirin.in,5
Class 4,firstcry.com,11
Class 4,firstcycling.com,10
Class 4,firstpost.com,3
Class 4,fitandwell.com,27
Class 4,fitday.com,1
Class 4,fix-myspeaker.com,36
Class 4,fixmystreet.jp,11
Class 4,fixya.com,3
Class 4,flashscore.mobi,8
Class 4,flaticon.es,9
Class 4,flatpanelshd.com,7
Class 4,flightrising.com,10
Class 4,flightsfrom.com,1
Class 4,flingtrainer.com,26
Class 4,flipbookpdf.net,6
Class 4,floridaparcels.com,22
Class 4,flyedelweiss.com,1
Class 4,flyordie.com,20
Class 4,flyteam.jp,21
Class 4,fmscout.com,5
Class 4,focus.pl,11
Class 4,focus.ua,16
Class 4,focuspredict.com,12
Class 4,focustaiwan.tw,18
Class 4,fokus.ba,9
Class 4,folderz.nl,23
Class 4,folger.edu,6
Class 4,folhadeemprego.com,27
Class 4,folhamax.com,17
Class 4,fonearena.com,26
Class 4,font.download,18
Class 4,fontanka.ru,13
Class 4,fontsgeek.com,41
Class 4,fontsquirrel.com,27
Class 4,foodie.com,17
Class 4,foodnavigator.com,17
Class 4,foodrepublic.com,6
Class 4,foot-national.com,18
Class 4,foot01.com,7
Class 4,footao.tv,28
Class 4,football.london,7
Class 4,football.ua,5
Class 4,football24.ru,30
Class 4,football24.ua,12
Class 4,footballinsider247.com,2
Class 4,footballkitarchive.com,19
Class 4,footballpredictions.ai,17
Class 4,footballtransfers.com,1
Class 4,footballwhispers.com,4
Class 4,footeo.com,2
Class 4,footmarseille.com,9
Class 4,footmercato.net,15
Class 4,footyheadlines.com,17
Class 4,forbes.com.mx,19
Class 4,forbes.cz,11
Class 4,forbes.it,10
Class 4,forbes.pl,5
Class 4,forbesjapan.com,14
Class 4,forbidden-mods.de,38
Class 4,fordforums.com.au,24
Class 4,foreca.com,5
Class 4,foreca.net,18
Class 4,foreclosureindia.com,16
Class 4,formula1.com,9
Class 4,formulatv.com,18
Class 4,foroactivo.com,1
Class 4,forskning.no,11
Class 4,fortnite.gg,8
Class 4,fortnitetracker.com,3
Class 4,fortuneindia.com,28
Class 4,forum24.ru,7
Class 4,forum2x2.ru,1
Class 4,forumactif.com,1
Class 4,forumactif.org,1
Class 4,forumcommunity.net,1
Class 4,forumfree.it,1
Class 4,forumotion.com,1
Class 4,forumsport.com,2
Class 4,forzafootball.com,8
Class 4,forzastyle.com,7
Class 4,fosonline.gr,18
Class 4,fossbytes.com,15
Class 4,fosshub.com,31
Class 4,fotka.com,1
Class 4,fotmob.com,8
Class 4,fotocasa.es,6
Class 4,fotoscapes.com,7
Class 4,fotosik.pl,6
Class 4,foulabook.com,35
Class 4,fourfourtwo.com,29
Class 4,fow.lol,14
Class 4,fox10tv.com,8
Class 4,fox11online.com,21
Class 4,fox17.com,23
Class 4,fox19.com,21
Class 4,fox5vegas.com,12
Class 4,fox8live.com,7
Class 4,foxbaltimore.com,25
Class 4,foxcarolina.com,7
Class 4,foxestalk.co.uk,10
Class 4,foxsports.com.au,12
Class 4,fplgameweek.com,15
Class 4,framed.wtf,15
Class 4,franceantilles.fr,3
Class 4,francuskie.pl,27
Class 4,fredmiranda.com,8
Class 4,free-anatomy-quiz.com,13
Class 4,free-codecs.com,32
Class 4,free-freecell-solitaire.com,21
Class 4,free-spider-solitaire.com,33
Class 4,freebeacon.com,16
Class 4,freecadweb.org,12
Class 4,freeconvert.com,6
Class 4,freecycle.org,34
Class 4,freefilesync.org,10
Class 4,freefiremania.com.br,41
Class 4,freegame.build,25
Class 4,freegames.com,34
Class 4,freeilm.com,24
Class 4,freejobalert.com,43
Class 4,freelistingusa.com,47
Class 4,freemusicarchive.org,19
Class 4,freepressjournal.in,13
Class 4,freequizgames.com,56
Class 4,friv.com,12
Class 4,frlmods.com,20
Class 4,frognews.bg,28
Class 4,frommers.com,16
Class 4,frontiernet.net,8
Class 4,frontofficesports.com,17
Class 4,fruitmail.net,21
Class 4,fruityblox.com,7
Class 4,frwiki.wiki,15
Class 4,fs25.net,13
Class 4,fstoppers.com,19
Class 4,fsymbols.com,20
Class 4,ftbwiki.org,23
Class 4,ftnews.jp,15
Class 4,ftnn.com.tw,22
Class 4,ftvnews.com.tw,20
Class 4,fujinkoron.jp,22
Class 4,fukuishimbun.co.jp,19
Class 4,full-count.jp,13
Class 4,funeraltimes.com,7
Class 4,funs.me,23
Class 4,funtrivia.com,13
Class 4,fupa.net,4
Class 4,fussball.de,1
Class 4,fussballdaten.de,3
Class 4,fussballtransfers.com,13
Class 4,fut.gg,18
Class 4,futabasha-change.com,19
Class 4,futbol-11.com,6
Class 4,futbolaspalmas.com,10
Class 4,futbolfantasy.com,17
Class 4,futbolme.com,15
Class 4,fx-exchange.com,26
Class 4,fyens.dk,5
Class 4,g-enews.com,29
Class 4,g4media.ro,3
Class 4,gabitos.com,25
Class 4,gaccom.jp,13
Class 4,gadgetreview.com,14
Class 4,gadgets360.com,17
Class 4,gadgetsnow.com,13
Class 4,gadgety.net,14
Class 4,gaet.it,24
Class 4,gagadget.com,21
Class 4,gala.fr,4
Class 4,galeria.de,3
Class 4,galeriadosamba.com.br,38
Class 4,galifastresult.com,25
Class 4,galinos.gr,12
Class 4,gam3s.gg,10
Class 4,game8.co,3
Class 4,game8.jp,21
Class 4,gameanswers.net,8
Class 4,gamebanana.com,7
Class 4,gamebol.com,2
Class 4,gamedeals.io,24
Class 4,gamedesign.jp,21
Class 4,gameflare.com,4
Class 4,gamekult.com,22
Class 4,gamemonetize.co,5
Class 4,gamemonetize.com,9
Class 4,gamepedia.jp,19
Class 4,gamepix.com,6
Class 4,gamepressure.com,5
Class 4,gamer.com.tw,4
Class 4,gamereactor.eu,9
Class 4,gamerevolution.com,7
Class 4,gamergen.com,17
Class 4,gamersberg.com,8
Class 4,games.gg,16
Class 4,gameshub.com,4
Class 4,gameskinny.com,7
Class 4,gamesradar.com,31
Class 4,gamestolearnenglish.com,14
Class 4,gametop.com,53
Class 4,gametora.com,5
Class 4,gamewave.fr,26
Class 4,gamezone.com,13
Class 4,gamingbolt.com,24
Class 4,gamingonlinux.com,44
Class 4,gamspace.xyz,20
Class 4,garagem360.com.br,25
Class 4,gardeningcloud.com,14
Class 4,gardeningknowhow.com,18
Class 4,garmoth.com,3
Class 4,gartic.io,5
Class 4,garticphone.com,9
Class 4,gatwickairport.com,6
Class 4,gawby.com,25
Class 4,gazetaexpress.com,16
Class 4,gazetakrakowska.pl,2
Class 4,gazetatema.net,6
Class 4,gazetawroclawska.pl,2
Class 4,gazeteoku.com,13
Class 4,gazetki123.pl,12
Class 4,gazzettadimodena.it,17
Class 4,gcambrasil.com.br,31
Class 4,gcaptain.com,5
Class 4,gdm.or.jp,12
Class 4,gds.it,11
Class 4,gdzister.in.ua,20
Class 4,gdzonline.net,15
Class 4,gearjunkie.com,12
Class 4,gearpatrol.com,20
Class 4,gebrauchtwagen.at,4
Class 4,geebo.com,8
Class 4,geeky-gadgets.com,13
Class 4,geizhals.de,6
Class 4,gematsu.com,15
Class 4,gempak.com,24
Class 4,gemsociety.org,2
Class 4,genbeta.com,16
Class 4,gendai.media,6
Class 4,generation-nt.com,4
Class 4,generator.email,16
Class 4,gentlemansgazette.com,20
Class 4,gentosha-go.com,19
Class 4,geny.com,7
Class 4,geo-fs.com,30
Class 4,geocities.com,8
Class 4,geocult.ru,30
Class 4,geogebra.org,8
Class 4,geoguessr.com,3
Class 4,geology.com,26
Class 4,geometrylitepc.io,5
Class 4,gercekmedya.com.tr,50
Class 4,germany.ru,6
Class 4,gesoten.com,4
Class 4,gestion.pe,23
Class 4,get-moment.com,3
Class 4,getbestanswers.com,5
Class 4,getemoji.com,8
Class 4,getindevice.com,24
Class 4,getlisteduae.com,25
Class 4,getpaint.net,24
Class 4,getsnackvideo.com,18
Class 4,getwair.com,9
Class 4,gfinityesports.com,11
Class 4,ggoorr.net,4
Class 4,ghanaweb.com,20
Class 4,ghauseditz.com,71
Class 4,giallozafferano.it,7
Class 4,giants.com,32
Class 4,gifdb.com,23
Class 4,gifer.com,21
Class 4,gifu-np.co.jp,11
Class 4,gigabicho.com.br,22
Class 4,gigacalculator.com,27
Class 4,gigazine.net,29
Class 4,gigclickers.com,10
Class 4,gimmesomeoven.com,12
Class 4,gingersoftware.com,11
Class 4,giornaledibrescia.it,20
Class 4,gismeteo.by,11
Class 4,gismeteo.kz,14
Class 4,gitnux.org,19
Class 4,giveawayoftheday.com,18
Class 4,gizbot.com,16
Class 4,gizchina.com,16
Class 4,gizmag.com,5
Class 4,gizmochina.com,38
Class 4,gizmodo.com,20
Class 4,gizmodo.com.au,3
Class 4,gizmodo.jp,22
Class 4,gktoday.in,32
Class 4,glam.com,7
Class 4,glamour.de,40
Class 4,glamour.es,22
Class 4,glamourmagazine.co.uk,26
Class 4,glasgowlive.co.uk,10
Class 4,glassrpske.com,8
Class 4,gliacloud.com,9
Class 4,glisshop.com,3
Class 4,globalfirepower.com,45
Class 4,globalfrag.com,3
Class 4,globes.co.il,10
Class 4,globest.com,8
Class 4,globle-game.com,6
Class 4,globoplay.com.br,7
Class 4,gmanetwork.com,18
Class 4,gn-math.dev,14
Class 4,gocomics.com,18
Class 4,godstart.dk,22
Class 4,gogo.gs,26
Class 4,gol24.pl,1
Class 4,gold-price-live.com,24
Class 4,gold.fr,4
Class 4,gold.pk,59
Class 4,goldposter.com,29
Class 4,goldpricedata.com,57
Class 4,goldpricez.com,22
Class 4,golfdigest-minna.jp,15
Class 4,golfdigest.co.jp,17
Class 4,golfmonthly.com,27
Class 4,golocal.de,22
Class 4,golpermohol.com,27
Class 4,gonintendo.com,5
Class 4,goobox.fr,8
Class 4,good.is,9
Class 4,goodereader.com,19
Class 4,goodgamestudios.com,1
Class 4,goodhousekeeping.com,8
Class 4,goodmenproject.com,9
Class 4,goodnewsnetwork.org,21
Class 4,goodreturns.in,14
Class 4,goodto.com,16
Class 4,googiehost.com,5
Class 4,googirl.jp,14
Class 4,gooya.com,17
Class 4,gopsusports.com,17
Class 4,gordonua.com,20
Class 4,gorodovoy.ru,15
Class 4,gosc.pl,22
Class 4,gosloto.app,27
Class 4,gospodynka.com.ua,42
Class 4,gossip-tv.gr,9
Class 4,gothamist.com,15
Class 4,gotoquiz.com,53
Class 4,gotoshop.ua,6
Class 4,goud.ma,7
Class 4,govdeals.com,3
Class 4,govdoc.lk,23
Class 4,govoyages.com,19
Class 4,govtjobsalert.in,45
Class 4,gowork.pl,14
Class 4,gp24.pl,1
Class 4,gpfans.com,25
Class 4,gplus.to,2
Class 4,gpone.com,4
Class 4,gq-magazin.de,44
Class 4,gq-magazine.co.uk,17
Class 4,gqeaaw.top,11
Class 4,gqitalia.it,19
Class 4,gqkorea.co.kr,16
Class 4,gqmagazine.fr,3
Class 4,gr8domain.biz,8
Class 4,grabpoints.com,4
Class 4,graduates24.com,26
Class 4,grammarist.com,8
Class 4,grapee.jp,12
Class 4,graphic.com.gh,22
Class 4,gratisafhalen.be,9
Class 4,gravestonephotos.com,20
Class 4,grazia.it,1
Class 4,greasyfork.org,7
Class 4,greatandhra.com,30
Class 4,greatbritishchefs.com,8
Class 4,greatergood.com,18
Class 4,greaterkashmir.com,39
Class 4,greatonlinetools.com,27
Class 4,greek-movies.com,14
Class 4,greekreporter.com,6
Class 4,greenmatters.com,13
Class 4,greenwichtime.com,18
Class 4,grepmed.com,10
Class 4,grid.id,21
Class 4,gridgames.app,4
Class 4,gridoto.com,18
Class 4,grimsbytelegraph.co.uk,9
Class 4,grindosaur.com,8
Class 4,groovypost.com,10
Class 4,groupon.co.uk,2
Class 4,groupon.de,3
Class 4,groupon.es,2
Class 4,groupon.fr,3
Class 4,groupon.pl,1
Class 4,groupsor.link,6
Class 4,grunge.com,7
Class 4,gruposwhats.app,47
Class 4,gsebsolutions.com,34
Class 4,gsmarena.com,19
Class 4,gsmmaniak.pl,34
Class 4,gta5-mods.com,9
Class 4,gtabase.com,4
Class 4,gtp.gr,32
Class 4,gtplanet.net,24
Class 4,guampdn.com,6
Class 4,guardian.co.tt,12
Class 4,guerrillamail.com,38
Class 4,guiadecursosgratuitos.com,20
Class 4,guideautoweb.com,13
Class 4,guidingtech.com,13
Class 4,guitar.com,8
Class 4,guitarplayer.com,26
Class 4,guitarristas.info,15
Class 4,guitarworld.com,21
Class 4,gujaratsamachar.com,18
Class 4,gukjenews.com,18
Class 4,gulf-times.com,30
Class 4,gulfnews.com,17
Class 4,gulte.com,30
Class 4,gumtree.com,13
Class 4,gumvit.com,6
Class 4,guru-clean.online,5
Class 4,guru3d.com,9
Class 4,gvm.com.tw,21
Class 4,haarlemsdagblad.nl,11
Class 4,haber7.com,8
Class 4,haberglobal.com,20
Class 4,habitaclia.com,2
Class 4,hackread.com,18
Class 4,haibunda.com,10
Class 4,hakinuta.com,4
Class 4,halfbakedharvest.com,29
Class 4,halkarz.com,16
Class 4,halktv.com.tr,6
Class 4,halmek.co.jp,28
Class 4,halopedia.org,10
Class 4,hang.hu,15
Class 4,hangoutshelp.net,29
Class 4,happycards.ca,1
Class 4,happymod.ph,18
Class 4,happymod.pro,22
Class 4,hardverapro.hu,6
Class 4,hardwaretester.com,8
Class 4,hardwarezone.com.sg,13
Class 4,harpersbazaar.com,7
Class 4,harri.com,2
Class 4,hatpublic.com,2
Class 4,haustier-magazin.de,16
Class 4,hb-nippon.com,19
Class 4,hbagency.ai,2
Class 4,hbr.org,53
Class 4,hdblog.it,3
Class 4,hdmotori.it,11
Class 4,healthcert.ph,4
Class 4,healthnatural.co.uk,10
Class 4,healthshots.com,17
Class 4,healthywomen.org,15
Class 4,heart.co.uk,17
Class 4,hearthpwn.com,20
Class 4,heavens-above.com,24
Class 4,hechingerreport.org,6
Class 4,helios.pl,4
Class 4,hellhades.com,7
Class 4,hellobacsi.com,13
Class 4,hellooha.com,15
Class 4,hellopearl.com,2
Class 4,hellopeter.com,19
Class 4,hellosehat.com,12
Class 4,helsi.me,9
Class 4,hema.nl,4
Class 4,hemhyra.se,10
Class 4,heraldextra.com,14
Class 4,heraldgoa.in,41
Class 4,heraldo.es,3
Class 4,heraldodemexico.com.mx,33
Class 4,heramadencilik.com.tr,18
Class 4,heureka.sk,4
Class 4,heykids.tv,3
Class 4,hibapress.com,12
Class 4,hibid.com,4
Class 4,hibridosyelectricos.com,13
Class 4,hicbc.com,23
Class 4,hiclipart.com,44
Class 4,hifi.de,15
Class 4,higherorlowergame.com,8
Class 4,hihi2.com,26
Class 4,himalayas.app,6
Class 4,hinative.com,32
Class 4,hindustantimes.com,16
Class 4,hindutamil.in,16
Class 4,hippopx.com,31
Class 4,histats.com,12
Class 4,histock.tw,18
Class 4,historia.ro,17
Class 4,historynet.com,14
Class 4,historyplace.com,22
Class 4,hitwebcounter.com,24
Class 4,hiveworkshop.com,7
Class 4,hizliresim.com,26
Class 4,hk01.com,8
Class 4,hket.com,9
Class 4,hlavnydennik.sk,74
Class 4,hnonline.sk,17
Class 4,hobbyconsolas.com,5
Class 4,hochi.news,21
Class 4,hockeydb.com,22
Class 4,hogatoga.com,48
Class 4,hogwartsishere.com,23
Class 4,hoidap247.com,21
Class 4,hokkaido-np.co.jp,21
Class 4,holidaycheck.at,2
Class 4,holidaycheck.de,2
Class 4,holidayinfo.sk,13
Class 4,hollowknight.wiki,17
Class 4,hollywoodreporter.com,9
Class 4,holmesmind.com,4
Class 4,holykjvbible.com,51
Class 4,holyquran.net,13
Class 4,homebrewtalk.com,12
Class 4,homemade-gifts-made-easy.com,20
Class 4,homesandgardens.com,21
Class 4,homify.com,9
Class 4,hondacarindia.com,9
Class 4,honestjohn.co.uk,15
Class 4,hongkongfp.com,3
Class 4,hongkongscore.com,56
Class 4,honista.com.co,35
Class 4,hoopshype.com,2
Class 4,hoopsrumors.com,10
Class 4,hopamchuan.com,21
Class 4,hopamviet.vn,11
Class 4,horoscope.com,17
Class 4,horseandhound.co.uk,16
Class 4,hostasaurus.com,1
Class 4,hotdeals360.com,6
Class 4,hotelscombined.com,4
Class 4,hothardware.com,9
Class 4,hotnews.ro,6
Class 4,hotosena.com,22
Class 4,hotrod.com,2
Class 4,hotukdeals.com,12
Class 4,houseandgarden.co.uk,23
Class 4,housebeautiful.com,8
Class 4,housedigest.com,7
Class 4,housesforsaletorent.co.uk,38
Class 4,housingwire.com,14
Class 4,houstonchronicle.com,9
Class 4,houstonpress.com,14
Class 4,hovege.hu,16
Class 4,howlongagogo.com,6
Class 4,howsweeteats.com,37
Class 4,hoy.es,33
Class 4,hromadske.ua,10
Class 4,hsguru.com,9
Class 4,hsreplay.net,2
Class 4,hsslive.guru,39
Class 4,html-color.org,14
Class 4,html.design,12
Class 4,html.it,23
Class 4,htmlgoodies.com,5
Class 4,huaren.us,7
Class 4,huffingtonpost.co.uk,1
Class 4,huffingtonpost.gr,13
Class 4,huffingtonpost.jp,7
Class 4,hululktaab.com,16
Class 4,humanbenchmark.com,7
Class 4,hunker.com,18
Class 4,huskers.com,18
Class 4,hvylya.net,30
Class 4,hwinfo.com,4
Class 4,hymnary.org,10
Class 4,hypb.st,6
Class 4,hypebae.com,9
Class 4,hypebeast.com,14
Class 4,hyperallergic.com,8
Class 4,hyperosupdates.com,13
Class 4,hypestat.com,12
Class 4,i-voce.jp,19
Class 4,i.ua,10
Class 4,iachara.com,7
Class 4,iamcook.ru,8
Class 4,iamsterdam.com,6
Class 4,ianseo.net,33
Class 4,ibctamil.com,23
Class 4,ibero.edu.co,3
Class 4,ibommatamil.com,33
Class 4,iboys.cz,23
Class 4,ibtimes.co.in,17
Class 4,ibtimes.co.uk,2
Class 4,ibus.cl,7
Class 4,icalculator.com,7
Class 4,icanhascheezburger.com,3
Class 4,icd10data.com,9
Class 4,ice.co.il,15
Class 4,ichgcp.net,7
Class 4,icom.museum,1
Class 4,icons8.com,6
Class 4,icook.tw,18
Class 4,icy-veins.com,7
Class 4,idaprikol.ru,7
Class 4,ideal.es,25
Class 4,idealhome.co.uk,26
Class 4,idfarm.co.kr,7
Class 4,idntimes.com,22
Class 4,ido.ro,8
Class 4,idownloadblog.com,21
Class 4,idrlabs.com,11
Class 4,iefimerida.gr,10
Class 4,ieidiseis.gr,10
Class 4,ifin.kz,13
Class 4,iflscience.com,14
Class 4,ifnapp.com,6
Class 4,ift.org,11
Class 4,iftaranekadarkaldi.com,16
Class 4,ifunny.co,14
Class 4,ig.com.br,13
Class 4,iglanc.cz,7
Class 4,ign.com,12
Class 4,igram.website,27
Class 4,igram.world,9
Class 4,igru.com.ua,23
Class 4,ih8mud.com,12
Class 4,iht.com,5
Class 4,ikioi-ranking.com,8
Class 4,ikman.lk,20
Class 4,ilcentro.it,17
Class 4,ilcittadino.it,8
Class 4,ilgiornale.it,21
Class 4,ilgiorno.it,9
Class 4,illawarramercury.com.au,14
Class 4,ilmkidunya.com,32
Class 4,ilnordest.it,15
Class 4,ilpiccolo.it,11
Class 4,ilpost.it,4
Class 4,ilrestodelcarlino.it,8
Class 4,iltempo.it,20
Class 4,iltirreno.it,18
Class 4,imagecompressor.com,17
Class 4,imagemagick.com,9
Class 4,imageresizer.com,7
Class 4,imagetotext.info,6
Class 4,imaging-resource.com,17
Class 4,imcdb.org,14
Class 4,imeche.org,4
Class 4,imfdb.org,12
Class 4,img2go.com,4
Class 4,imgbin.com,17
Class 4,imgupscaler.com,6
Class 4,imhd.sk,13
Class 4,immigrantstable.com,8
Class 4,imobiliare.ro,7
Class 4,imoradar24.ro,18
Class 4,imore.com,10
Class 4,imovirtual.com,1
Class 4,imperfectpharmacy.in,31
Class 4,imptracking.com,4
Class 4,imresizer.com,7
Class 4,in-lifestyle.cz,22
Class 4,in.com,5
Class 4,inc.com,8
Class 4,inchcalculator.com,12
Class 4,incibeauty.com,12
Class 4,inconveniente.pt,34
Class 4,independent.co.uk,33
Class 4,independent.com,18
Class 4,independent.ie,14
Class 4,india.com,4
Class 4,indiabix.com,27
Class 4,indiacustomercare.com,31
Class 4,indiaforums.com,20
Class 4,indianexpress.com,6
Class 4,indianhealthyrecipes.com,26
Class 4,indiaresults.com,19
Class 4,indiatimes.com,14
Class 4,indiatoday.in,15
Class 4,indiatv.in,15
Class 4,indiatvnews.com,17
Class 4,indiedb.com,8
Class 4,indonesiadefense.com,18
Class 4,indown.io,6
Class 4,indy100.com,11
Class 4,inewsgr.com,32
Class 4,infinitecraftrecipe.com,8
Class 4,infinityfree.com,31
Class 4,info.com,8
Class 4,infobae.com,12
Class 4,infobel.com,2
Class 4,infodolar.com,35
Class 4,infojobs.com.br,2
Class 4,infojobs.net,5
Class 4,infolibre.es,22
Class 4,infoplease.com,14
Class 4,informacion.es,14
Class 4,informador.mx,18
Class 4,information-age.com,8
Class 4,information.dk,4
Class 4,informator.ua,12
Class 4,infospace.com,1
Class 4,infostart.hu,8
Class 4,infotechtutoriais.com,46
Class 4,infotime.co,45
Class 4,infovojna.com,52
Class 4,ingilizceciyiz.com,30
Class 4,ingles.com,16
Class 4,inquirer.net,13
Class 4,insella.it,17
Class 4,insidehalton.com,8
Class 4,insidehighered.com,9
Class 4,insidehook.com,12
Class 4,insider-gaming.com,20
Class 4,insider.gr,11
Class 4,insidermonkey.com,21
Class 4,insidethemagic.net,27
Class 4,inspiredtaste.net,24
Class 4,insta-stories-viewer.com,13
Class 4,insta.com.in,24
Class 4,instafonts.io,12
Class 4,instagrammernews.com,16
Class 4,instaling.pl,12
Class 4,instalker.org,9
Class 4,insurancebusinessmag.com,9
Class 4,insurgencytracker.com,6
Class 4,intellitest.me,9
Class 4,interestingengineering.com,14
Class 4,interfax.com.ua,15
Class 4,internations.org,10
Class 4,internethaber.com,17
Class 4,internetnews.com,5
Class 4,intouchweekly.com,11
Class 4,inventariooculto.com,34
Class 4,inverse.com,7
Class 4,invertexto.com,16
Class 4,investor.id,33
Class 4,invoice-generator.com,6
Class 4,io9.com,3
Class 4,ioe.vn,5
Class 4,iol.co.za,14
Class 4,iol.pt,20
Class 4,ip.sb,18
Class 4,ipchicken.com,17
Class 4,iphones.ru,17
Class 4,iplocation.net,15
Class 4,ipowatch.in,14
Class 4,ipshu.com,13
Class 4,ipsnews.net,29
Class 4,ipsw.me,21
Class 4,ipvoid.com,19
Class 4,ipxserve.com,4
Class 4,ireceptar.cz,16
Class 4,irecommend.ru,5
Class 4,ireps.gov.in,5
Class 4,irishcentral.com,26
Class 4,irishmirror.ie,10
Class 4,irishnews.com,11
Class 4,irishstar.com,7
Class 4,isagha.com,12
Class 4,isinolsun.com,5
Class 4,isixsigma.com,22
Class 4,islamicity.org,16
Class 4,islands.com,9
Class 4,islcollective.com,16
Class 4,ispreview.co.uk,22
Class 4,israelhayom.co.il,16
Class 4,israelhayom.com,11
Class 4,israelinfo.co.il,16
Class 4,istoe.com.br,6
Class 4,istoedinheiro.com.br,10
Class 4,italpassion.fr,17
Class 4,itc.ua,16
Class 4,itexamanswers.net,5
Class 4,itftennis.com,14
Class 4,ithardware.pl,13
Class 4,itmedia.co.jp,24
Class 4,itpro.co.uk,21
Class 4,itpro.com,22
Class 4,itproportal.com,28
Class 4,itprotoday.com,4
Class 4,itweb.co.za,6
Class 4,ivcsmrt.com,4
Class 4,iwin.com,5
Class 4,ixawiki.com,21
Class 4,izismile.com,27
Class 4,izle7.com,28
Class 4,j-wave.co.jp,15
Class 4,ja.org,1
Class 4,jadwalnonton.com,24
Class 4,jagran.com,32
Class 4,jaguars.com,18
Class 4,jakartaglobe.id,40
Class 4,jakdojade.pl,4
Class 4,jalanow.com,19
Class 4,jamaica-gleaner.com,24
Class 4,jambase.com,15
Class 4,jamilacuisine.ro,43
Class 4,jamuna.tv,9
Class 4,jan-magazine.nl,9
Class 4,jankariweb.online,7
Class 4,janmabhumi.in,17
Class 4,jansatta.com,7
Class 4,japan-guide.com,10
Class 4,jawapos.com,8
Class 4,jayski.com,8
Class 4,jdownloader.org,15
Class 4,jeanmarcmorandini.com,8
Class 4,jenny.gr,11
Class 4,jetcost.com,8
Class 4,jetevermerge.com,5
Class 4,jetphotos.com,2
Class 4,jetpunk.com,2
Class 4,jetsoclub.com,16
Class 4,jeu-du-solitaire.com,21
Class 4,jeu-tarot-en-ligne.com,8
Class 4,jeuneafrique.com,6
Class 4,jeuxvideo.com,15
Class 4,jfa.jp,8
Class 4,jharupdate.com,37
Class 4,jigidi.com,6
Class 4,jigsawexplorer.com,11
Class 4,jigsawplanet.com,15
Class 4,jiji.com,19
Class 4,jikayosha.jp,35
Class 4,jisin.jp,26
Class 4,jitenon.jp,16
Class 4,jmbilegame.com,18
Class 4,jmir.org,1
Class 4,jmouders.nl,6
Class 4,jn.pt,13
Class 4,jobbmintatv.pro,1
Class 4,jobfind.gr,3
Class 4,jobillico.com,6
Class 4,jobradar24.ro,1
Class 4,joc.com,11
Class 4,joe.co.uk,12
Class 4,joe.ie,7
Class 4,jofogas.hu,12
Class 4,jogos360.com.br,29
Class 4,joj.sk,16
Class 4,jojowiki.com,8
Class 4,jollykidstv.com,5
Class 4,jomo-news.co.jp,19
Class 4,jornaldebrasilia.com.br,21
Class 4,jorudan.co.jp,13
Class 4,joseikin-now.jp,14
Class 4,joshi-spa.jp,15
Class 4,journaldequebec.com,14
Class 4,journaldugeek.com,12
Class 4,journalstar.com,8
Class 4,journaltimes.com,7
Class 4,joyfoodsunshine.com,20
Class 4,joyland.ai,11
Class 4,joystiq.com,14
Class 4,jpost.com,8
Class 4,jprime.jp,32
Class 4,jqueryscript.net,49
Class 4,jsonlint.com,5
Class 4,jta.org,16
Class 4,juara.net,21
Class 4,jugantor.com,14
Class 4,junaidjamshed.com,4
Class 4,justapinch.com,9
Class 4,justdone.ai,1
Class 4,justdone.com,1
Class 4,justjaredjr.com,11
Class 4,justlanded.com,53
Class 4,justonecookbook.com,17
Class 4,jv.dk,9
Class 4,jvpnews.com,59
Class 4,jyldyz.kg,20
Class 4,jyllands-posten.dk,9
Class 4,k24.net,48
Class 4,kabuyoho.jp,22
Class 4,kadinlarkulubu.com,16
Class 4,kafe.cz,7
Class 4,kahoku.news,26
Class 4,kaidee.com,7
Class 4,kaipkada.lt,43
Class 4,kait8.com,18
Class 4,kalbela.com,6
Class 4,kaldata.com,16
Class 4,kamen-rider-official.com,6
Class 4,kamigame.jp,14
Class 4,kamikouryaku.net,21
Class 4,kampanjveckan.se,6
Class 4,kanal7.com,38
Class 4,kanaloco.jp,22
Class 4,kapanlagi.com,22
Class 4,kapook.com,8
Class 4,kapu.hu,12
Class 4,karar.com,5
Class 4,katiaribeiro.com.br,14
Class 4,katiecouric.com,10
Class 4,katu.com,23
Class 4,katv.com,25
Class 4,kayak.co.uk,5
Class 4,kayak.com,3
Class 4,kayak.de,3
Class 4,kayak.fr,5
Class 4,kazeo.com,4
Class 4,kbhgames.com,16
Class 4,kbm.id,22
Class 4,kbs.co.kr,9
Class 4,kcrg.com,16
Class 4,kctv5.com,6
Class 4,kdnuggets.com,13
Class 4,kech24.com,16
Class 4,keenspot.com,9
Class 4,keepass.info,12
Class 4,keepeek.com,1
Class 4,keisan.site,11
Class 4,keizai.biz,8
Class 4,kekmama.nl,5
Class 4,kelkoogroup.com,6
Class 4,kent.ac.uk,4
Class 4,keralagold.com,67
Class 4,kerrydalestreet.co.uk,37
Class 4,kesq.com,26
Class 4,keybr.com,3
Class 4,keyt.com,21
Class 4,keyx0.net,17
Class 4,kezgames.com,38
Class 4,kfoxtv.com,24
Class 4,khanapara.com,34
Class 4,khaosod.co.th,31
Class 4,khelnow.com,31
Class 4,kidsactivitiesblog.com,11
Class 4,kidzsearch.com,20
Class 4,kieskeurig.nl,15
Class 4,kijiji.ca,12
Class 4,kikar.co.il,6
Class 4,kikibom.com,40
Class 4,kimovil.com,2
Class 4,kindful.com,4
Class 4,kinguin.net,1
Class 4,kino-teatr.ru,7
Class 4,kino-teatr.ua,7
Class 4,kinoafisha.info,8
Class 4,kinofilms.ua,44
Class 4,kinox.gr,28
Class 4,kiosko.net,6
Class 4,kipa.co.il,18
Class 4,kiplinger.com,23
Class 4,kirbiecravings.com,25
Class 4,kisspress.jp,32
Class 4,kitabnagri.org,33
Class 4,kivabe.com,10
Class 4,kizlarsoruyor.com,14
Class 4,klickaud.org,1
Class 4,klickpin.com,8
Class 4,klikni.hr,28
Class 4,klipartz.com,29
Class 4,klsescreener.com,18
Class 4,kltutors.com,39
Class 4,km77.com,30
Class 4,kmph.com,23
Class 4,kmplayer.com,19
Class 4,knowing-jesus.com,7
Class 4,knoxt.space,7
Class 4,kobe-journal.com,19
Class 4,kobe-np.co.jp,26
Class 4,kochava.com,1
Class 4,koha.net,3
Class 4,koket.se,13
Class 4,kolkataff.in,28
Class 4,kolkataff.io,6
Class 4,komonews.com,24
Class 4,kompas.com,27
Class 4,kompas.id,12
Class 4,kompas.tv,23
Class 4,kompasiana.com,19
Class 4,komputerswiat.pl,5
Class 4,komu.com,6
Class 4,kongregate.com,13
Class 4,kontan.co.id,13
Class 4,koraplus.com,19
Class 4,kotaku.com,10
Class 4,koutipandoras.gr,11
Class 4,kpopping.com,7
Class 4,kptv.com,15
Class 4,kqxs.vn,25
Class 4,kr-weathernews.com,21
Class 4,krak.dk,3
Class 4,krcgtv.com,24
Class 4,krcrtv.com,21
Class 4,krdo.com,18
Class 4,kreuzwort-raetsel.net,16
Class 4,krizovkarsky-slovnik-online.cz,52
Class 4,krunker.io,1
Class 4,kryptomagazin.sk,9
Class 4,kseebsolutions.com,31
Class 4,ksltv.com,9
Class 4,ktar.com,10
Class 4,ktbs.com,13
Class 4,ktul.com,24
Class 4,ktvz.com,18
Class 4,kuioo.tw,27
Class 4,kumparan.com,12
Class 4,kuow.org,8
Class 4,kurashiru.com,21
Class 4,kurier.at,21
Class 4,kurs.com.ua,35
Class 4,kurs.kz,10
Class 4,kuruma-news.jp,26
Class 4,kurunavi.jp,72
Class 4,kurzy.cz,15
Class 4,kutv.com,25
Class 4,kvia.com,18
Class 4,kvraudio.com,11
Class 4,kwai-video.com,5
Class 4,kwai.com,6
Class 4,kwestiasmaku.com,22
Class 4,kworb.net,20
Class 4,kykyemek.com,17
Class 4,kyokugen.info,20
Class 4,kyounoryouri.jp,10
Class 4,la-croix.com,9
Class 4,la7.it,16
Class 4,laarena.com.ar,12
Class 4,labrujula24.com,44
Class 4,lacapital.com.ar,23
Class 4,lacarte.menu,8
Class 4,lacremedugaming.fr,16
Class 4,lacuerda.net,15
Class 4,lada.kz,13
Class 4,laestrella.com.pa,28
Class 4,lagaceta.com.ar,24
Class 4,lagazzettadelmezzogiorno.it,19
Class 4,lagged.com,34
Class 4,lahamag.com,6
Class 4,lajmifundit.al,16
Class 4,lalcsafe.net,5
Class 4,lamanchelibre.fr,22
Class 4,lamoda.pl,9
Class 4,lamoto.com.ar,15
Class 4,lanacion.com.ar,19
Class 4,lanazione.it,9
Class 4,lance.com.br,13
Class 4,landea.gr,15
Class 4,langenscheidt.com,15
Class 4,lankasri.com,16
Class 4,lanuevacronica.com,27
Class 4,lanuovasardegna.it,23
Class 4,laopinioncoruna.es,16
Class 4,laopiniondemalaga.es,13
Class 4,laopiniondemurcia.es,12
Class 4,laopiniondezamora.es,15
Class 4,lapalabradeldia.com,4
Class 4,lapatria.com,21
Class 4,lapelotona.com,27
Class 4,laprensa.hn,18
Class 4,laprensani.com,7
Class 4,laprovincia.es,20
Class 4,laprovinciadicomo.it,8
Class 4,laprovinciaunicatv.it,8
Class 4,laptopmag.com,29
Class 4,laquinieladetucuman.com.ar,47
Class 4,larazon.es,8
Class 4,larepublica.co,17
Class 4,larepublica.pe,22
Class 4,larioja.com,1
Class 4,las2orillas.co,13
Class 4,lasalle.edu,3
Class 4,lascana.de,1
Class 4,lasexta.com,9
Class 4,lasicilia.it,11
Class 4,lasillarota.com,13
Class 4,lasprovincias.es,27
Class 4,lasvegassun.com,18
Class 4,lasvegasweekly.com,13
Class 4,latestdeals.co.uk,7
Class 4,latestmodapks.com,11
Class 4,latestsightings.com,3
Class 4,latestspecials.co.za,26
Class 4,latina.pe,18
Class 4,latribunadeciudadreal.es,31
Class 4,laughingsquid.com,26
Class 4,lavanguardia.com,8
Class 4,lavenir.net,12
Class 4,laverdad.es,25
Class 4,lavoz.com.ar,1
Class 4,lavozdealmeria.com,25
Class 4,lavozdeasturias.es,1
Class 4,lavozdegalicia.es,11
Class 4,lavozdelpueblo.com.ar,17
Class 4,lawandcrime.com,17
Class 4,lawrence.com,13
Class 4,layboard.com,8
Class 4,lb.ua,29
Class 4,lbc.co.uk,13
Class 4,lc.nl,9
Class 4,lcpdfr.com,13
Class 4,ldoceonline.com,13
Class 4,leadership.ng,4
Class 4,leagueofgraphs.com,42
Class 4,learncbse.in,57
Class 4,learningally.org,2
Class 4,leasingmarkt.de,4
Class 4,lebanon24.com,17
Class 4,lecho.be,18
Class 4,lecremedelacrumb.com,21
Class 4,ledevoir.com,15
Class 4,leekduck.com,7
Class 4,legaseriea.it,4
Class 4,legendsofamerica.com,28
Class 4,legit.ng,8
Class 4,leica-camera.com,1
Class 4,lejdd.fr,6
Class 4,lejournaldelamaison.fr,7
Class 4,lemondeinformatique.fr,9
Class 4,lemoniteur.fr,4
Class 4,lensois.com,16
Class 4,lent.az,5
Class 4,leparking.fr,19
Class 4,lephoceen.fr,9
Class 4,lerugbynistere.fr,24
Class 4,lesnumeriques.com,5
Class 4,letemps.ch,5
Class 4,letras.com,13
Class 4,letras.mus.br,17
Class 4,letrasbonitas.net,51
Class 4,letribunaldunet.fr,19
Class 4,letsplayindex.com,20
Class 4,letsrun.com,6
Class 4,letterboxd.com,3
Class 4,letudiant.fr,4
Class 4,leukerecepten.nl,24
Class 4,levante-emv.com,10
Class 4,lexulous.com,17
Class 4,lgbtqnation.com,26
Class 4,lh360.com,2
Class 4,liberal.gr,7
Class 4,libero.it,2
Class 4,liberoquotidiano.it,25
Class 4,libertaddigital.com,14
Class 4,libramemoria.com,12
Class 4,lifeder.com,3
Class 4,lifehacker.jp,16
Class 4,lifeinsys.com,11
Class 4,lifeintheuktestweb.co.uk,26
Class 4,lifenews.com,19
Class 4,lifestyleasia.com,18
Class 4,lifistech.com,23
Class 4,lifo.gr,17
Class 4,liga.net,24
Class 4,ligainsider.de,7
Class 4,ligue-cancer.net,2
Class 4,ligue1.com,7
Class 4,lihkg.com,4
Class 4,liliputing.com,21
Class 4,lilluna.com,20
Class 4,limakid.com,21
Class 4,limerickleader.ie,13
Class 4,limitlesstcg.com,8
Class 4,limo.media,51
Class 4,lindaikejisblog.com,51
Class 4,linemedia.com,6
Class 4,linguee.com,3
Class 4,linguee.de,4
Class 4,linguee.es,4
Class 4,linguee.fr,4
Class 4,linuxconfig.org,3
Class 4,linuxize.com,13
Class 4,lipighor.com,18
Class 4,liputan6.com,32
Class 4,liquidation.com,6
Class 4,liquipedia.net,10
Class 4,listchallenges.com,10
Class 4,listesdemots.net,7
Class 4,listindiario.com,28
Class 4,listverse.com,18
Class 4,lithub.com,25
Class 4,littlefries.com,25
Class 4,littleyardgames.com,27
Class 4,live2support.com,3
Class 4,live4d2u.net,33
Class 4,live5news.com,9
Class 4,livecam.asia,21
Class 4,livechart.me,14
Class 4,livefoot.fr,9
Class 4,livefpl.net,12
Class 4,livehindustan.com,10
Class 4,livemint.com,23
Class 4,livepriceofgold.com,11
Class 4,liverpool.com,9
Class 4,liverpool.no,11
Class 4,livescience.com,17
Class 4,livescore.com,12
Class 4,livescore.com.tr,5
Class 4,livescore.mobi,14
Class 4,livescores.com,17
Class 4,livesoccertv.com,2
Class 4,livesporttv.com,12
Class 4,livetrafficfeed.com,23
Class 4,liveuamap.com,23
Class 4,livewallpapers.com,3
Class 4,livingetc.com,21
Class 4,ljworld.com,23
Class 4,lmtonline.com,13
Class 4,lne.es,14
Class 4,loawa.com,10
Class 4,local12.com,24
Class 4,local21news.com,26
Class 4,local3news.com,15
Class 4,locatefamily.com,6
Class 4,locservice.fr,6
Class 4,loe.lviv.ua,5
Class 4,logcabindaily.com,29
Class 4,logitravel.com,2
Class 4,logitravel.it,2
Class 4,logitravel.pt,2
Class 4,logmi.jp,20
Class 4,logos-world.net,23
Class 4,loigiaihay.com,20
Class 4,lokercirebon.com,35
Class 4,lokmat.com,13
Class 4,lokmattimes.com,7
Class 4,loksatta.com,11
Class 4,lol.ps,23
Class 4,lolalytics.com,8
Class 4,lolchess.gg,17
Class 4,lomando.com,41
Class 4,londonist.com,8
Class 4,longislandpress.com,27
Class 4,longrangehunting.com,16
Class 4,loo-ool.com,37
Class 4,lopec.kr,18
Class 4,losandes.com.ar,18
Class 4,loteriadossonhos.net,22
Class 4,loteriasdehonduras.com,4
Class 4,loteriasdehoy.co,37
Class 4,loteriasdominicanas.com,19
Class 4,lotteryextreme.com,45
Class 4,lotterypost.com,10
Class 4,lotterysambad.one,36
Class 4,lotteryusa.com,21
Class 4,lottopcso.com,46
Class 4,lottoresultados.com,34
Class 4,lottosociety.com,27
Class 4,loudersound.com,18
Class 4,loveandlemons.com,10
Class 4,loveawake.com,9
Class 4,lovekrakow.pl,12
Class 4,lovetoknow.com,13
Class 4,lowyat.net,9
Class 4,ls-portal.eu,22
Class 4,lsusports.net,18
Class 4,ltrbxd.com,2
Class 4,lu24.com.ar,19
Class 4,ludoking.com,33
Class 4,ludoteka.com,10
Class 4,lumberjocks.com,3
Class 4,luminaire.fr,1
Class 4,lurenewsr.com,15
Class 4,luxuryestate.com,14
Class 4,luxuryhotelsguides.com,1
Class 4,luxurylaunches.com,17
Class 4,lxtgame.com,10
Class 4,lyngsat.com,7
Class 4,lyrics.com,13
Class 4,lyricsfreak.com,13
Class 4,lyricstape.com,10
Class 4,lyricstraining.com,12
Class 4,m-w.com,6
Class 4,m3aarf.com,34
Class 4,m3db.com,15
Class 4,ma-bimbo.com,8
Class 4,maalaimalar.com,20
Class 4,maangchi.com,18
Class 4,mabumbe.com,11
Class 4,macg.co,13
Class 4,machinelearningmastery.com,17
Class 4,machugi.io,11
Class 4,macrumors.com,12
Class 4,macvendors.com,13
Class 4,madamefigaro.gr,25
Class 4,madhyamam.com,16
Class 4,madridsecreto.co,34
Class 4,madrsa-online.com,29
Class 4,madty.net,20
Class 4,mafa.com,28
Class 4,magicmaman.com,11
Class 4,magicspoiler.com,2
Class 4,magmix.jp,10
Class 4,magyarhirlap.hu,8
Class 4,mahanmk.com,35
Class 4,maharashtratimes.com,15
Class 4,maidonanews.jp,23
Class 4,mainichikirei.jp,11
Class 4,maison-travaux.fr,6
Class 4,majhinaukri.in,33
Class 4,majorgeeks.com,21
Class 4,makeitmeme.com,4
Class 4,makeleio.gr,5
Class 4,makler.md,17
Class 4,mako.co.il,11
Class 4,makorrishon.co.il,9
Class 4,malavida.com,3
Class 4,malaymail.com,17
Class 4,malaysiakini.com,13
Class 4,mallikamanivannan.com,42
Class 4,mamahiroba.com,8
Class 4,mamul.am,5
Class 4,manabadi.co.in,33
Class 4,mandiner.hu,14
Class 4,mangacrab.org,8
Class 4,manners.nl,11
Class 4,manofmany.com,9
Class 4,manoramanews.com,13
Class 4,manoramaonline.com,18
Class 4,manpeace.org,28
Class 4,manta.com,5
Class 4,manualslib.com,9
Class 4,manualslib.de,5
Class 4,manualslib.fr,9
Class 4,manymanuals.com,28
Class 4,mapio.net,26
Class 4,mapion.co.jp,20
Class 4,maplescouter.com,13
Class 4,maps.ie,8
Class 4,mapsofindia.com,15
Class 4,marcandangel.com,29
Class 4,marcusoscarsson.se,8
Class 4,marianne.net,14
Class 4,marieclaire.co.uk,13
Class 4,marieclaire.com,26
Class 4,marieclaire.com.tw,9
Class 4,marieclaire.fr,6
Class 4,marieclaire.gr,25
Class 4,marieclaire.it,11
Class 4,marinecorpstimes.com,22
Class 4,marineinsight.com,29
Class 4,mariowiki.com,9
Class 4,maritime-executive.com,23
Class 4,marketingdive.com,1
Class 4,marketmnd.com,6
Class 4,marketplace.org,7
Class 4,marketrealist.com,8
Class 4,marketwatch.com,10
Class 4,markiza.sk,18
Class 4,marmiton.org,4
Class 4,marocannonces.com,53
Class 4,marqueur.com,12
Class 4,marvel.com,4
Class 4,mashed.com,14
Class 4,mashina.kg,8
Class 4,mashop.kr,10
Class 4,masothue.com,20
Class 4,masterduelmeta.com,4
Class 4,mastersportal.com,2
Class 4,matb3aa.com,17
Class 4,matchendirect.fr,9
Class 4,matchsimulator.com,11
Class 4,matematika-doma.org,21
Class 4,math-bot.com,55
Class 4,mathplayzone.com,18
Class 4,mathrubhumi.com,32
Class 4,mathsgenie.co.uk,23
Class 4,mathsisfun.com,17
Class 4,mathway.com,13
Class 4,matkaindia.mobi,22
Class 4,matrimoniale.ro,29
Class 4,mattinopadova.it,13
Class 4,mawdoo3.com,21
Class 4,maxim.com,20
Class 4,mcgrp.ru,11
Class 4,mdpr.jp,24
Class 4,mdundo.com,17
Class 4,mdzol.com,23
Class 4,meaww.com,8
Class 4,mebders.com,40
Class 4,mecabricks.com,25
Class 4,meczyki.pl,6
Class 4,medcom.id,32
Class 4,mediabiasfactcheck.com,27
Class 4,mediafax.ro,3
Class 4,mediafuse.com,4
Class 4,mediaindonesia.com,19
Class 4,mediaite.com,30
Class 4,mediaklik.sk,24
Class 4,mediaoneonline.com,32
Class 4,mediaset.es,10
Class 4,mediatakeout.com,9
Class 4,medibang.com,19
Class 4,medicaldaily.com,3
Class 4,medievalists.net,15
Class 4,medlatec.vn,9
Class 4,medonet.pl,6
Class 4,meee.com.tw,19
Class 4,meevo.com,6
Class 4,mega.cl,19
Class 4,meganoticias.cl,15
Class 4,megogo.net,2
Class 4,meinturnierplan.de,3
Class 4,mel.fm,11
Class 4,melmagazine.com,6
Class 4,melos.media,16
Class 4,memedroid.com,1
Class 4,memes.co.in,16
Class 4,memurlar.net,16
Class 4,menicka.cz,14
Class 4,mensagemaniversario.com.br,25
Class 4,menshealth.com,6
Class 4,mentalfloss.com,6
Class 4,menuegypt.com,38
Class 4,menulist.menu,6
Class 4,menuweb.menu,9
Class 4,merca20.com,20
Class 4,merchantlink.com,2
Class 4,mercopress.com,11
Class 4,merdeka.com,20
Class 4,merolagani.com,7
Class 4,merriam-webster.com,15
Class 4,merriam.com,7
Class 4,messaggeroveneto.it,18
Class 4,messletters.com,7
Class 4,meta.sc,7
Class 4,metacritic.com,19
Class 4,metafilter.com,4
Class 4,metaforge.app,7
Class 4,metasrc.com,4
Class 4,metatft.com,5
Class 4,metazooa.com,8
Class 4,meteo-paris.com,14
Class 4,meteo.gr,30
Class 4,meteo.ua,28
Class 4,meteo60.fr,15
Class 4,meteoblue.com,6
Class 4,meteocentre.co.uk,19
Class 4,meteociel.fr,11
Class 4,meteofor.com,20
Class 4,meteofor.md,15
Class 4,meteofor.ro,16
Class 4,meteofrance.com,10
Class 4,meteofrance.re,9
Class 4,meteomedia.com,16
Class 4,meteosat.com,16
Class 4,method.gg,21
Class 4,metrocptm.com.br,28
Class 4,metrocuadrado.com,14
Class 4,metronieuws.nl,6
Class 4,metropoles.com,12
Class 4,metrosport.gr,16
Class 4,metrotimes.com,17
Class 4,metsul.com,40
Class 4,meuguia.tv,13
Class 4,meujogodobicho.com.br,23
Class 4,meutimao.com.br,8
Class 4,mewatch.sg,11
Class 4,mex.tl,33
Class 4,mezha.ua,15
Class 4,mfor.hu,22
Class 4,mforos.com,7
Class 4,mi-mollet.com,19
Class 4,mi.tv,15
Class 4,mi9.com,19
Class 4,miamidolphins.com,17
Class 4,miarroba.com,13
Class 4,mic.com,5
Class 4,michigandaily.com,13
Class 4,michill.jp,5
Class 4,midwestradio.ie,22
Class 4,mignews.com,31
Class 4,miktex.org,11
Class 4,milanoo.com,1
Class 4,milenio.com,21
Class 4,militarnyi.com,8
Class 4,militarytimes.com,18
Class 4,militarywatchmagazine.com,34
Class 4,miljuschka.nl,20
Class 4,millenium.org,15
Class 4,milli.az,10
Class 4,minacolor.com,5
Class 4,mindbodygreen.com,13
Class 4,mindluster.com,39
Class 4,minecraft-mp.com,19
Class 4,minecraft-schematics.com,8
Class 4,minecraft.com.in,22
Class 4,minecraftforge.net,3
Class 4,minecraftforum.net,19
Class 4,minecraftskins.com,8
Class 4,minecraftskins.net,7
Class 4,minecrftapkmod.com,19
Class 4,minelist.kr,1
Class 4,minfin.com.ua,10
Class 4,mingw.org,12
Class 4,minhaji.net,30
Class 4,minhchinh.com,14
Class 4,minigame.group,20
Class 4,minigame.vip,8
Class 4,minimalistbaker.com,17
Class 4,mining.com,20
Class 4,minutouno.com,13
Class 4,mioriente.com,30
Class 4,miragenews.com,32
Class 4,mirrormedia.mg,14
Class 4,misionesonline.net,6
Class 4,missyusa.com,5
Class 4,mitelefe.com,12
Class 4,mitti.se,7
Class 4,miuithemer.com,12
Class 4,mixi.jp,16
Class 4,mlbtraderumors.com,4
Class 4,mlssoccer.com,10
Class 4,mm2values.com,19
Class 4,mmo-champion.com,20
Class 4,mnhaji.com,12
Class 4,mob.org,16
Class 4,mob4g.com,57
Class 4,mobcup.com.co,29
Class 4,mobcup.fm,34
Class 4,mobile9.com,13
Class 4,mobiledokan.co,18
Class 4,mobiledokan.com,23
Class 4,mobileread.com,46
Class 4,mobilizujeme.cz,10
Class 4,mobisystems.com,3
Class 4,mobizil.com,5
Class 4,mobtada.com,34
Class 4,mockups-design.com,16
Class 4,mocoshow.com,18
Class 4,mod-network.com,10
Class 4,moddb.com,7
Class 4,modded-1.com,31
Class 4,modelmayhem.com,1
Class 4,modernghana.com,8
Class 4,modernhealthcare.com,14
Class 4,modesettravaux.fr,14
Class 4,mods4u.in,19
Class 4,modthesims.info,15
Class 4,moegirl.org.cn,3
Class 4,moewalls.com,22
Class 4,mojapp.in,5
Class 4,mojevideo.sk,25
Class 4,mojok.co,37
Class 4,mojsite.com,3
Class 4,molbuk.ua,7
Class 4,mollygram.com,23
Class 4,molotov.tv,1
Class 4,mommypoppins.com,21
Class 4,momondo.com,6
Class 4,moneypost.jp,23
Class 4,moneyweek.com,22
Class 4,monitor.co.ug,6
Class 4,monkey.app,3
Class 4,monkey.cool,4
Class 4,monocle.com,6
Class 4,mononews.gr,13
Class 4,monopolygo.wiki,4
Class 4,monster-mcpe.com,6
Class 4,montevideo.com.uy,18
Class 4,moongiant.com,52
Class 4,moreto.net,7
Class 4,mother.ly,7
Class 4,mothering.com,6
Class 4,mothership.sg,7
Class 4,moto-station.com,7
Class 4,motoo.com.br,7
Class 4,motor-forum.nl,21
Class 4,motor.es,21
Class 4,motorbiscuit.com,8
Class 4,motorionline.com,19
Class 4,motorpasion.com,16
Class 4,motortrend.com,9
Class 4,motqdmon.com,44
Class 4,mountain-forecast.com,8
Class 4,mourjan.com,20
Class 4,moutamadris.ma,18
Class 4,moviefone.com,4
Class 4,movieinsider.com,38
Class 4,moviemaker.com,17
Class 4,moviemistakes.com,14
Class 4,mowmag.com,1
Class 4,moxfield.com,6
Class 4,mozzartsport.com,3
Class 4,mp3j.cc,6
Class 4,mpboardonline.com,22
Class 4,mpmux.com,26
Class 4,mpr.org,15
Class 4,mprnews.org,4
Class 4,mrt.com,16
Class 4,msccrociere.it,3
Class 4,msccruisesusa.com,2
Class 4,msguides.com,63
Class 4,msk1.ru,5
Class 4,mspoweruser.com,9
Class 4,mstar.com.my,19
Class 4,mtbr.com,8
Class 4,mtggoldfish.com,23
Class 4,mtgtop8.com,4
Class 4,mthai.com,30
Class 4,mtnews24.com,10
Class 4,mtv.com.lb,13
Class 4,mubasher.info,26
Class 4,mudcat.org,19
Class 4,mudgames.in,23
Class 4,mulastar.com,23
Class 4,multiplikationstabellen.se,13
Class 4,multitran.com,26
Class 4,mundijuegos.com,5
Class 4,mundodeportivo.com,2
Class 4,mundoinspiradoz.com,21
Class 4,mundopositivo.com.br,26
Class 4,mungfali.com,4
Class 4,murciaplaza.com,8
Class 4,murha.info,21
Class 4,murlok.io,8
Class 4,muscleandfitness.com,22
Class 4,musicaldown.com,17
Class 4,musicasparamissa.com.br,16
Class 4,musicradar.com,22
Class 4,musicweek.com,19
Class 4,mut.gg,10
Class 4,muusikoiden.net,12
Class 4,muvir.com.br,11
Class 4,muyinteresante.es,4
Class 4,my-personaltrainer.it,6
Class 4,myanimelist.net,4
Class 4,mycareers.co.za,5
Class 4,mychords.net,10
Class 4,mycorporator.in,17
Class 4,mydealz.de,10
Class 4,mydramalist.com,13
Class 4,mydramanovel.com,10
Class 4,myfinanceservice.com,5
Class 4,myfitnesspal.com,2
Class 4,myhockeyrankings.com,10
Class 4,myhome.ie,6
Class 4,myhomesgardens.com,22
Class 4,myhora.com,14
Class 4,myinstants.com,6
Class 4,myjewishlearning.com,9
Class 4,myjobmag.co.ke,44
Class 4,myjobmag.com,55
Class 4,myjoyonline.com,16
Class 4,mykhel.com,14
Class 4,mylivewallpapers.com,9
Class 4,mylondon.news,10
Class 4,mymodernmet.com,14
Class 4,mymotherlode.com,22
Class 4,mymovies.it,27
Class 4,mynews4.com,25
Class 4,mynewsla.com,33
Class 4,mynorthwest.com,5
Class 4,myoji-yurai.net,28
Class 4,myonlineradio.hu,22
Class 4,mypunepulse.com,28
Class 4,myqip.ru,5
Class 4,myradioenvivo.ar,23
Class 4,myradioonline.pl,31
Class 4,myradioonline.ro,26
Class 4,mysanantonio.com,16
Class 4,myshiptracking.com,10
Class 4,mysmartprice.com,4
Class 4,mystatus.co.za,2
Class 4,mystreamplayer.com,9
Class 4,mysuncoast.com,11
Class 4,myswitzerland.com,5
Class 4,mytischtennis.de,6
Class 4,mytoolstown.com,6
Class 4,mytuner-radio.com,32
Class 4,mytuner.mobi,17
Class 4,mytvsuper.com,8
Class 4,mzamin.com,31
Class 4,n12.co.il,14
Class 4,n1info.hr,16
Class 4,n2yo.com,41
Class 4,n4g.com,1
Class 4,n9.cl,12
Class 4,nabd.com,10
Class 4,nachrichten.at,1
Class 4,naciodigital.cat,15
Class 4,nadjidom.com,7
Class 4,nadorcity.com,46
Class 4,naewna.com,37
Class 4,nagalandlotterysambad.com,46
Class 4,naijapals.com,28
Class 4,nairaland.com,8
Class 4,nairametrics.com,23
Class 4,najox.com,33
Class 4,nakedcapitalism.com,14
Class 4,namaz.today,43
Class 4,namazvakitleri.com.tr,14
Class 4,namu.la,4
Class 4,nanoreview.net,3
Class 4,nap-camp.com,9
Class 4,nascar.com,6
Class 4,nashaniva.com,15
Class 4,natalie.mu,17
Class 4,natega4dk.net,11
Class 4,natgeokids.com,2
Class 4,natgeotv.com,7
Class 4,nation.africa,3
Class 4,nation.co.ke,10
Class 4,nationaldaycalendar.com,2
Class 4,nationalenquirer.com,13
Class 4,nationalgeographic.co.uk,7
Class 4,nationalgeographic.com,7
Class 4,nationalrail.co.uk,9
Class 4,nationaltoday.com,28
Class 4,nationstates.net,7
Class 4,nationthailand.com,16
Class 4,nau.ch,4
Class 4,nautil.us,3
Class 4,navbug.com,54
Class 4,navytimes.com,25
Class 4,nba-live.com,16
Class 4,nbcmontana.com,22
Class 4,ncte.org,5
Class 4,nd-aktuell.de,6
Class 4,ndtvprofit.com,16
Class 4,neal.fun,4
Class 4,neartonet.com,5
Class 4,nedir.org,15
Class 4,needcalc.com,13
Class 4,nefes.com.tr,27
Class 4,neliti.com,7
Class 4,nemzetisport.hu,7
Class 4,neogaf.com,9
Class 4,neopets.com,5
Class 4,nerdlegame.com,14
Class 4,nestoria.it,4
Class 4,net-empregos.com,24
Class 4,netcarshow.com,17
Class 4,netdna-ssl.com,20
Class 4,netdoctor.co.uk,9
Class 4,netkeiba.com,12
Class 4,netmums.com,7
Class 4,netralnews.com,11
Class 4,netscape.com,8
Class 4,netsons.com,2
Class 4,netsons.org,2
Class 4,netvasco.com.br,12
Class 4,netweather.tv,11
Class 4,netwerk24.com,32
Class 4,networkcomputing.com,1
Class 4,neues-deutschland.de,2
Class 4,newarab.com,12
Class 4,newatlas.com,13
Class 4,newbeauty.com,1
Class 4,newcastleherald.com.au,13
Class 4,newduck.net,5
Class 4,newengland.com,9
Class 4,newindianexpress.com,8
Class 4,newluxe.jp,21
Class 4,newmitbbs.com,4
Class 4,newmoney.gr,20
Class 4,neworleanssaints.com,33
Class 4,newpages.com.my,15
Class 4,news.co.uk,1
Class 4,news.de,2
Class 4,news.pn,4
Class 4,news18.com,11
Class 4,news18marathi.com,10
Class 4,news24.com,27
Class 4,news247.gr,17
Class 4,news3lv.com,23
Class 4,news4sanantonio.com,21
Class 4,news9.com,13
Class 4,news9live.com,28
Class 4,newsauto.gr,12
Class 4,newsbomb.gr,10
Class 4,newschannel9.com,24
Class 4,newscientist.com,11
Class 4,newsecrettips.com,39
Class 4,newser.com,15
Class 4,newsgator.com,4
Class 4,newshub.co.nz,7
Class 4,newsit.gr,11
Class 4,newsmaker.md,18
Class 4,newson6.com,14
Class 4,newspao.gr,18
Class 4,newspointapp.com,16
Class 4,newsru.co.il,17
Class 4,newstalk.com,4
Class 4,newstalkzb.co.nz,16
Class 4,newstatesman.com,7
Class 4,newstimes.com,20
Class 4,newsweek.com,15
Class 4,newsweek.pl,6
Class 4,newtalk.tw,19
Class 4,newtimes.co.rw,12
Class 4,newyorkjets.com,26
Class 4,newzit.com,7
Class 4,nextapple.com,11
Class 4,nextbigfuture.com,8
Class 4,nextdoor.com,5
Class 4,nextdoor.nl,1
Class 4,nextgen-auto.com,19
Class 4,nexttv.com,24
Class 4,nexusmods.com,3
Class 4,nezakr.net,8
Class 4,nfius.top,15
Class 4,nfl.com,21
Class 4,nflperry.com,5
Class 4,ngs.ru,6
Class 4,ngs24.ru,7
Class 4,nguoiduatin.vn,16
Class 4,nhregister.com,15
Class 4,nic.me,2
Class 4,nicematin.com,1
Class 4,niche.com,1
Class 4,nickfinder.com,18
Class 4,nickfinder.net,30
Class 4,nickiswift.com,9
Class 4,nieuws.nl,11
Class 4,niice-woker.com,4
Class 4,nikemania.com,9
Class 4,niketalk.com,18
Class 4,nikkan-gendai.com,23
Class 4,nikkei225jp.com,10
Class 4,nilkantho.in,75
Class 4,nin.rs,15
Class 4,nine.com.au,11
Class 4,ninemsn.com.au,5
Class 4,ninjakitchen.de,1
Class 4,nintendo-master.com,11
Class 4,nintendoeverything.com,12
Class 4,nirsoft.net,45
Class 4,nit.pt,22
Class 4,nivel20.com,16
Class 4,njparcels.com,48
Class 4,nknews.org,2
Class 4,nlcbplaywhelotto.com,29
Class 4,nltimes.nl,38
Class 4,nme.com,8
Class 4,nnz-online.de,3
Class 4,noataque.com.br,5
Class 4,noen.at,10
Class 4,nofilmschool.com,2
Class 4,nolo.com,1
Class 4,noordhollandsdagblad.nl,15
Class 4,noovomoi.ca,12
Class 4,nordjyske.dk,7
Class 4,notateslaapp.com,13
Class 4,note.co.il,11
Class 4,notebookcheck.com,8
Class 4,notebookcheck.net,5
Class 4,notebookcheck.pl,6
Class 4,noticiascaracol.com,13
Class 4,noticiasrcn.com,20
Class 4,nova24tv.si,8
Class 4,novaskin.me,10
Class 4,novasports.gr,12
Class 4,noveldrama.org,7
Class 4,novelodge.com,10
Class 4,novelupdates.com,7
Class 4,novelworm.com,4
Class 4,novinite.com,41
Class 4,novlove.com,2
Class 4,novosti-n.org,15
Class 4,now.gg,3
Class 4,nowness.com,8
Class 4,nownews.com,22
Class 4,nowosci.com.pl,1
Class 4,nowtolove.com.au,18
Class 4,nowtv.com.tr,4
Class 4,npg.news,15
Class 4,nrl.com,14
Class 4,nsctotal.com.br,10
Class 4,nssmag.com,5
Class 4,nst.com.my,23
Class 4,ntn24.com,19
Class 4,ntnews.com,27
Class 4,ntvbd.com,14
Class 4,ntvtelugu.com,40
Class 4,nubia.com,2
Class 4,nullbrawl.org,39
Class 4,nulls.gg,3
Class 4,numberplace.net,6
Class 4,numplate.co.uk,21
Class 4,numuki.com,29
Class 4,nur.kz,18
Class 4,nursingtimes.net,22
Class 4,nutraingredients.com,14
Class 4,nwsource.com,8
Class 4,nwt.se,7
Class 4,nylon.com,6
Class 4,nypost.com,27
Class 4,nyt.com,4
Class 4,nyt.net,5
Class 4,nyti.ms,6
Class 4,nytimes.com,5
Class 4,nzherald.co.nz,28
Class 4,objectiv.tv,12
Class 4,observer-reporter.com,21
Class 4,observer.com,14
Class 4,ocala-news.com,35
Class 4,odatv.com,31
Class 4,odditycentral.com,23
Class 4,oddschecker.com,2
Class 4,oeffentlicher-dienst.info,12
Class 4,oem.com.mx,12
Class 4,ofeminin.pl,3
Class 4,offerista.com,1
Class 4,officeholidays.com,11
Class 4,officetimeline.com,2
Class 4,officialcharts.com,14
Class 4,offshore-energy.biz,4
Class 4,oggi.jp,23
Class 4,ojogo.pt,13
Class 4,ojogodobicho.com,3
Class 4,okcats.com,10
Class 4,okcfox.com,22
Class 4,okezone.com,11
Class 4,okinawatimes.co.jp,17
Class 4,okmagazine.com,10
Class 4,ol.fr,6
Class 4,ole.com.ar,22
Class 4,olhardigital.com.br,14
Class 4,oliberal.com,32
Class 4,olke.az,6
Class 4,olx.ba,15
Class 4,olx.bg,6
Class 4,olx.biz.id,8
Class 4,olx.in,11
Class 4,olx.pl,10
Class 4,olx.pt,6
Class 4,olx.ro,12
Class 4,olxpop.com,5
Class 4,omairi.club,32
Class 4,omegle.fun,11
Class 4,omicsonline.org,7
Class 4,omikuji-do.com,29
Class 4,omniatech.io,2
Class 4,omnicalculator.com,16
Class 4,omocoro.jp,17
Class 4,on.cc,11
Class 4,onalert.gr,6
Class 4,onceuponachef.com,22
Class 4,ondacero.es,4
Class 4,ondemandkorea.com,6
Class 4,one.co.il,7
Class 4,onegreenplanet.org,32
Class 4,oneindia.com,9
Class 4,onemileatatime.com,9
Class 4,onepiecetopdecks.com,33
Class 4,oneroof.co.nz,16
Class 4,onet.pl,3
Class 4,online-reservations.com,1
Class 4,online-stopwatch.com,28
Class 4,online2pdf.com,18
Class 4,onlinealarmkur.com,5
Class 4,onlinebookclub.org,6
Class 4,onlinecompass.app,19
Class 4,onlineconvert.com,30
Class 4,onlinedataentryjob.com,28
Class 4,onlinegdb.com,7
Class 4,onlinejyotish.com,34
Class 4,onlineradiobox.com,12
Class 4,onmanorama.com,16
Class 4,onmed.gr,17
Class 4,onmohub.com,27
Class 4,onrugby.it,9
Class 4,onthisday.com,13
Class 4,ooyyo.com,18
Class 4,op.game,20
Class 4,openalfa.com,15
Class 4,openclipart.org,18
Class 4,opencritic.com,1
Class 4,openculture.com,69
Class 4,opengov.com,2
Class 4,openguessr.com,6
Class 4,openshot.org,4
Class 4,opensooq.com,10
Class 4,openspeedtest.com,26
Class 4,opindia.com,13
Class 4,opineo.pl,5
Class 4,opodo.de,14
Class 4,opodo.fr,20
Class 4,opoka.org.pl,19
Class 4,opportunitiesforyouth.org,15
Class 4,oprahdaily.com,7
Class 4,oprahmag.com,3
Class 4,optijuegos.net,14
Class 4,orange.md,2
Class 4,orangepage.net,12
Class 4,ordertracker.com,5
Class 4,organicfacts.net,18
Class 4,oricon.co.jp,22
Class 4,orientaldaily.com.my,19
Class 4,orlandoweekly.com,8
Class 4,oroskopos.gr,34
Class 4,oslobodjenje.ba,18
Class 4,osmrtnica.ba,12
Class 4,osteopathic.org,2
Class 4,osthessen-news.de,3
Class 4,osvita.ua,31
Class 4,osxdaily.com,17
Class 4,otempo.com.br,18
Class 4,otodom.pl,1
Class 4,otofun.net,17
Class 4,otonano-shumatsu.com,18
Class 4,otonanswer.jp,20
Class 4,ouestfrance-immo.com,1
Class 4,out.com,9
Class 4,outlookbusiness.com,19
Class 4,outlookindia.com,23
Class 4,outsports.com,9
Class 4,over-blog-kiwi.com,6
Class 4,over-blog.com,11
Class 4,over-blog.fr,12
Class 4,overblog.com,6
Class 4,overframe.gg,15
Class 4,overtake.gg,13
Class 4,overthecap.com,29
Class 4,ow.gr,20
Class 4,owlstalk.co.uk,2
Class 4,oxinst.com,1
Class 4,ozap.com,9
Class 4,ozbargain.com.au,16
Class 4,pa-wrestling.com,15
Class 4,packers.com,42
Class 4,pagesix.com,16
Class 4,pagina12.com.ar,21
Class 4,paginasamarillas.es,1
Class 4,paginebianche.it,16
Class 4,paginegialle.it,8
Class 4,pajiba.com,11
Class 4,pakistantoday.com.pk,7
Class 4,pakmcqs.com,57
Class 4,palabreto.com,6
Class 4,palmplaystore.com,7
Class 4,paltalk.com,9
Class 4,pamfleti.net,10
Class 4,pandai.org,7
Class 4,pandape.com,2
Class 4,panlasangpinoy.com,16
Class 4,pannchoa.com,46
Class 4,panorama.com.al,11
Class 4,panpacific.com,1
Class 4,pantheon.org,35
Class 4,panthers.com,30
Class 4,panzoid.com,1
Class 4,parallaximag.gr,15
Class 4,parapolitika.gr,15
Class 4,parcelsapp.com,16
Class 4,parents.fr,11
Class 4,parhlo.com,19
Class 4,paris-turf.com,3
Class 4,parismatch.be,15
Class 4,parissecret.com,12
Class 4,parleycenter.com,22
Class 4,parlons-basket.com,10
Class 4,paroles.net,23
Class 4,pascom.cloud,2
Class 4,pasjans-online.pl,6
Class 4,pastebin.com,2
Class 4,pasteboard.co,4
Class 4,pastpapers.wiki,29
Class 4,patient.info,12
Class 4,patrika.com,7
Class 4,patriots.com,47
Class 4,paulinacocina.net,18
Class 4,paultan.org,14
Class 4,payx.top,4
Class 4,pb.pl,7
Class 4,pbinfo.ro,30
Class 4,pbone.net,8
Class 4,pcgamer.com,29
Class 4,pcgamesn.com,16
Class 4,pcgamingwiki.com,10
Class 4,pdc.tv,10
Class 4,pdfresizer.com,15
Class 4,pedestrian.tv,16
Class 4,pehub.com,18
Class 4,pelando.com.br,3
Class 4,pelop.gr,10
Class 4,pelotainvernal.com,30
Class 4,pensador.com,10
Class 4,pensarcursos.com.br,22
Class 4,penzcentrum.hu,18
Class 4,peoplemanagement.co.uk,6
Class 4,percentagecalculator.net,6
Class 4,perezhilton.com,15
Class 4,periodistadigital.com,40
Class 4,personality-database.com,9
Class 4,peru21.pe,13
Class 4,pesmaster.com,25
Class 4,petapixel.com,15
Class 4,petcim.com,6
Class 4,petfools.com,7
Class 4,petitchef.com,8
Class 4,petitfute.com,12
Class 4,pets4homes.co.uk,7
Class 4,pex.jp,14
Class 4,pg21.ru,13
Class 4,pharmabharat.com,21
Class 4,pharmaceutical-technology.com,8
Class 4,pharmajobalert.in,30
Class 4,phatwalletforums.com,37
Class 4,phcorner.org,12
Class 4,philadelphiaeagles.com,16
Class 4,philenews.com,13
Class 4,phileweb.com,22
Class 4,phillyvoice.com,25
Class 4,philnews.ph,35
Class 4,photofunia.com,48
Class 4,phpclasses.org,18
Class 4,phunutoday.vn,10
Class 4,physicsforums.com,11
Class 4,physicsworld.com,15
Class 4,pickerwheel.com,21
Class 4,picks.my,14
Class 4,pickyourown.org,28
Class 4,picmix.com,13
Class 4,pictbland.net,17
Class 4,picuki.com,10
Class 4,pidruchnyk.com.ua,6
Class 4,pieseauto.ro,11
Class 4,pikiran-rakyat.com,14
Class 4,piliapp.com,6
Class 4,pimeyes.com,2
Class 4,pinchofyum.com,21
Class 4,pincode.net.in,38
Class 4,pindown.io,22
Class 4,pinetools.com,15
Class 4,pinkbike.com,6
Class 4,pinoyswertres.com,42
Class 4,pinzuba.news,36
Class 4,pionline.com,11
Class 4,pipo.games,19
Class 4,pisni.org.ua,28
Class 4,pisos.com,9
Class 4,pissedconsumer.com,14
Class 4,pit.pl,1
Class 4,pixect.com,17
Class 4,pixnoy.com,21
Class 4,pkpics.fun,23
Class 4,placardefutebol.com.br,17
Class 4,placedescelibataires.fr,3
Class 4,placetel.de,3
Class 4,planespotters.net,8
Class 4,planeta.pl,7
Class 4,planplus.rs,8
Class 4,plantasdecasas.com,25
Class 4,plantbasednews.org,13
Class 4,plantura.garden,4
Class 4,plasticsnews.com,7
Class 4,play-games.com,3
Class 4,playbuzz.com,2
Class 4,playfootball.games,9
Class 4,playgama.com,9
Class 4,playhop.com,5
Class 4,playok.com,5
Class 4,playonlinux.com,29
Class 4,playstationtrophies.org,4
Class 4,pleinevie.fr,8
Class 4,plejada.pl,4
Class 4,plo.vn,9
Class 4,plotaroute.com,4
Class 4,plug.it,2
Class 4,plurk.com,6
Class 4,pmg.ua,22
Class 4,pngimg.com,34
Class 4,pngwing.com,11
Class 4,pocketapk.com,29
Class 4,pocketgamer.com,22
Class 4,pockettactics.com,17
Class 4,podbay.fm,7
Class 4,podtail.com,2
Class 4,poe.ninja,23
Class 4,poe2db.tw,7
Class 4,poedb.tw,9
Class 4,poemhunter.com,18
Class 4,poferries.com,4
Class 4,point.md,19
Class 4,pointdevue.fr,16
Class 4,pointi.jp,7
Class 4,pointtown.com,17
Class 4,poipiku.com,12
Class 4,poizdato.net,29
Class 4,pokeapi.co,6
Class 4,pokebip.com,4
Class 4,pokecabook.com,19
Class 4,pokecommunity.com,5
Class 4,pokellector.com,12
Class 4,pokemon-zone.com,10
Class 4,pokemoncentral.it,7
Class 4,pokemoncoders.com,8
Class 4,pokemonshowdown.com,11
Class 4,pokewiki.de,19
Class 4,pokiigame.com,52
Class 4,politicalcompass.org,9
Class 4,politico.eu,1
Class 4,politics.co.uk,10
Class 4,politicshome.com,9
Class 4,politiken.dk,7
Class 4,politis.com.cy,9
Class 4,pollstar.com,2
Class 4,polsat.pl,1
Class 4,polsatnews.pl,11
Class 4,polsatsport.pl,9
Class 4,polskiobserwator.de,31
Class 4,polybuzz.ai,13
Class 4,polyspeak.ai,6
Class 4,pomorska.pl,1
Class 4,pon-navi.net,20
Class 4,popcornnews.ru,13
Class 4,popculture.com,11
Class 4,popmatters.com,8
Class 4,popularmechanics.com,5
Class 4,poro.gg,15
Class 4,portafolhetos.com.br,20
Class 4,portal-islam.id,31
Class 4,portal6.com.br,38
Class 4,portalanalitika.me,13
Class 4,portalsemlimite.com,24
Class 4,portfolio.hu,15
Class 4,positivepsychology.com,15
Class 4,post-gazette.com,17
Class 4,postal.ninja,6
Class 4,postal.pt,34
Class 4,postandcourier.com,12
Class 4,postype.com,15
Class 4,power-technology.com,6
Class 4,powerball.com,3
Class 4,powergam.online,2
Class 4,powergame.gr,38
Class 4,powerlineblog.com,45
Class 4,powerpyx.com,18
Class 4,powerthesaurus.org,16
Class 4,poxel.io,3
Class 4,poynter.org,11
Class 4,poznatsvet.cz,10
Class 4,ppe.pl,14
Class 4,ppomppu.co.kr,17
Class 4,ppsspp.org,30
Class 4,prabhatkhabar.com,5
Class 4,practicalkida.com,18
Class 4,practicalmachinist.com,6
Class 4,prahain.cz,13
Class 4,prajavani.net,20
Class 4,praktischarzt.de,1
Class 4,pravda.com.ua,15
Class 4,pravda.sk,19
Class 4,premierguitar.com,12
Class 4,premiumtimesng.com,16
Class 4,prensa.com,17
Class 4,prensalibre.com,29
Class 4,prepbaseballreport.com,11
Class 4,prepostseo.com,6
Class 4,preppykitchen.com,19
Class 4,president.jp,17
Class 4,presse-citron.net,14
Class 4,pressgazette.co.uk,1
Class 4,pressherald.com,15
Class 4,prevention.com,8
Class 4,priberam.org,21
Class 4,price.ua,18
Class 4,pricerunner.com,9
Class 4,pricerunner.dk,6
Class 4,pricerunner.se,10
Class 4,pricesday.net,15
Class 4,prima.co.uk,13
Class 4,primarygames.com,23
Class 4,primelocation.com,9
Class 4,primeraedicion.com.ar,16
Class 4,primetime.ge,2
Class 4,primetimer.com,16
Class 4,primitivacomprobar.es,14
Class 4,privatbankar.hu,14
Class 4,privateschoolreview.com,16
Class 4,proactiveinvestors.co.uk,38
Class 4,proactiveinvestors.com,11
Class 4,proballers.com,15
Class 4,proceso.com.mx,33
Class 4,processwebsitedata.com,5
Class 4,procleanmax.online,5
Class 4,procon.org,3
Class 4,procyclingstats.com,6
Class 4,productreview.com.au,11
Class 4,profil.at,19
Class 4,profit.ro,7
Class 4,profootballhof.com,3
Class 4,profootballrumors.com,5
Class 4,programiz.com,14
Class 4,programminginsider.com,18
Class 4,prohardver.hu,2
Class 4,prohockeyrumors.com,9
Class 4,projectorcentral.com,7
Class 4,prokerala.com,19
Class 4,promptseen.com,32
Class 4,promptwale.com,17
Class 4,pronto.com.ar,6
Class 4,prosettings.net,11
Class 4,proson.gr,3
Class 4,prospectmagazine.co.uk,6
Class 4,prospektangebote.de,22
Class 4,prospekte123.de,30
Class 4,prosport.ro,10
Class 4,prothomalo.com,28
Class 4,protothema.gr,11
Class 4,proxyium.com,24
Class 4,proxypal.net,16
Class 4,proxysite.com,32
Class 4,prweek.com,9
Class 4,prydwen.gg,13
Class 4,psnprofiles.com,9
Class 4,psthc.fr,6
Class 4,psu.com,5
Class 4,psychiatrictimes.com,6
Class 4,psychologies.com,2
Class 4,psychologies.ru,17
Class 4,psychologytoday.com,4
Class 4,ptitchef.com,23
Class 4,pttweb.cc,9
Class 4,pubhtml5.com,1
Class 4,publi24.ro,9
Class 4,public.app,12
Class 4,publicdomainpictures.net,5
Class 4,publicintelligence.net,13
Class 4,publico.pt,19
Class 4,publicschoolreview.com,13
Class 4,publicsenat.fr,2
Class 4,publimetro.com.mx,24
Class 4,publishersweekly.com,13
Class 4,puckpedia.com,9
Class 4,pudhari.news,37
Class 4,pudugame.com,24
Class 4,pulzo.com,22
Class 4,punchng.com,24
Class 4,punjabkesari.in,13
Class 4,punto-informatico.it,13
Class 4,purebreak.com,15
Class 4,purepeople.com,21
Class 4,purevolume.com,7
Class 4,purogamer.com,21
Class 4,pusulagazetesi.com.tr,21
Class 4,putovnica.net,25
Class 4,puzzlefactory.com,35
Class 4,puzzlegarage.com,41
Class 4,pvc1.xyz,4
Class 4,pvl.ph,12
Class 4,pvpoke.com,8
Class 4,qns.com,44
Class 4,qoo-app.com,5
Class 4,qth.com,5
Class 4,quadratin.com.mx,17
Class 4,qualaroo.com,3
Class 4,qub.ca,9
Class 4,que.es,12
Class 4,queen.gr,13
Class 4,queerty.com,9
Class 4,questionablecontent.net,16
Class 4,quini-6-resultados.com.ar,46
Class 4,quiniela15.com,22
Class 4,quiz-facts.com,15
Class 4,quiz-universe.com,17
Class 4,quizdays.com,13
Class 4,quizme.pl,15
Class 4,quiztest.me,52
Class 4,quiztests.net,8
Class 4,quizur.com,8
Class 4,quizwinz.com,29
Class 4,quizworld.de,16
Class 4,quizzclub.com,23
Class 4,quizzory.in,5
Class 4,quoka.de,15
Class 4,quotationspage.com,21
Class 4,quotenet.nl,12
Class 4,quotes.net,16
Class 4,quotesgram.com,8
Class 4,quotidiano.net,9
Class 4,qweather.com,17
Class 4,qz.com,9
Class 4,r-bloggers.com,14
Class 4,racefans.net,10
Class 4,racer.com,8
Class 4,racing.nl,15
Class 4,racingaustralia.horse,5
Class 4,raconteur.net,14
Class 4,radaronline.com,8
Class 4,radio-south-africa.co.za,18
Class 4,radio-thai.com,26
Class 4,radiokorea.com,27
Class 4,radiolab.org,6
Class 4,radioonline.co.id,20
Class 4,radiox.co.uk,16
Class 4,radiozet.pl,12
Class 4,raiders.com,28
Class 4,railf.jp,22
Class 4,railforums.co.uk,6
Class 4,railyatri.in,23
Class 4,rain-alarm.com,10
Class 4,rajaneditz.com,25
Class 4,rajasthangyan.com,19
Class 4,rakuten.com.tw,13
Class 4,ranker.com,17
Class 4,rankia.com,1
Class 4,rankingoo.net,28
Class 4,rappler.com,31
Class 4,rasmussenreports.com,20
Class 4,raspaid.pl,4
Class 4,rawpixel.com,13
Class 4,rawstory.com,5
Class 4,razaoautomovel.com,3
Class 4,rba.es,4
Class 4,rbc.ua,12
Class 4,rci.fm,7
Class 4,rcs.it,1
Class 4,rct.uk,5
Class 4,rcuniverse.com,16
Class 4,rd1.com.br,11
Class 4,reader.bz,60
Class 4,readworks.org,21
Class 4,readytogo.net,17
Class 4,real-france.fr,8
Class 4,realclearpolitics.com,3
Class 4,realclearscience.com,4
Class 4,realestate.co.nz,21
Class 4,realgeeks.com,2
Class 4,realgm.com,10
Class 4,realhomes.com,20
Class 4,realitatea.net,13
Class 4,realmadryt.pl,13
Class 4,realmenrealstyle.com,27
Class 4,realoem.com,3
Class 4,realtid.se,6
Class 4,realtimetrains.co.uk,18
Class 4,realty.com,1
Class 4,reason.org,2
Class 4,receitas2.com,5
Class 4,receive-sms.cc,4
Class 4,receive-smss.com,5
Class 4,recentlybooked.com,54
Class 4,recetasnestle.com.mx,18
Class 4,recipes.net,20
Class 4,recipetineats.com,21
Class 4,record.com.mx,12
Class 4,record.pt,8
Class 4,redactie24.be,17
Class 4,redactiesommen.nl,6
Class 4,redbookmag.com,8
Class 4,redcafe.net,4
Class 4,redflagdeals.com,8
Class 4,redmondpie.com,13
Class 4,reduceimages.com,9
Class 4,reed.co.uk,4
Class 4,reelsave.app,14
Class 4,refinery29.com,22
Class 4,regio7.cat,20
Class 4,relevant-digital.com,3
Class 4,religionnews.com,12
Class 4,reloj-alarma.es,8
Class 4,remeroninfo.com,5
Class 4,remezcla.com,5
Class 4,removepaywall.com,7
Class 4,renewableenergyworld.com,18
Class 4,reneweconomy.com.au,27
Class 4,rennlist.com,15
Class 4,rentola.com,1
Class 4,repertuarim.com,22
Class 4,reportera.co.kr,4
Class 4,repretel.com,14
Class 4,republicworld.com,16
Class 4,republika.co.id,15
Class 4,resemom.jp,15
Class 4,resetera.com,20
Class 4,resourceboy.com,21
Class 4,resourcepack.net,34
Class 4,response.jp,25
Class 4,restaurantguru.com,18
Class 4,restaurantguru.ru,21
Class 4,resultadodelaloteria.com,28
Class 4,resultados-futbol.com,19
Class 4,resultadostris.com,11
Class 4,resultbharat.com,37
Class 4,resumeground.com,50
Class 4,retailwire.com,10
Class 4,retrogames.cz,10
Class 4,retty.me,14
Class 4,reurl.cc,20
Class 4,reut.rs,1
Class 4,reuters.co.uk,1
Class 4,reuters.com,1
Class 4,review42.com,14
Class 4,reviewed.app,10
Class 4,revistaad.es,29
Class 4,revistabula.com,15
Class 4,revistaforum.com.br,15
Class 4,revistagente.com,18
Class 4,revistagq.com,33
Class 4,revistavanityfair.es,35
Class 4,revolvermag.com,8
Class 4,rewayatna.com,32
Class 4,rewirenewsgroup.com,12
Class 4,rezdy.com,5
Class 4,rfaf.es,9
Class 4,rhymezone.com,24
Class 4,ricardocuisine.com,8
Class 4,riftdecks.com,4
Class 4,rightmove.co.uk,7
Class 4,ringieraxelspringer.tech,2
Class 4,ringon.site,38
Class 4,ringsidenews.com,21
Class 4,ringtonezip.xyz,28
Class 4,riovagas.com.br,9
Class 4,ririro.com,16
Class 4,ristechy.com,47
Class 4,riyasewana.com,16
Class 4,road.cc,17
Class 4,roadandtrack.com,13
Class 4,roadtovr.com,15
Class 4,robloxden.com,9
Class 4,robloxsong.com,25
Class 4,robots.net,21
Class 4,robtex.com,7
Class 4,rockwool.com,2
Class 4,rogerebert.com,25
Class 4,rojgarbihar.com,28
Class 4,rojgarresult.com,21
Class 4,rolimons.com,9
Class 4,romance.io,7
Class 4,romania-insider.com,21
Class 4,romaniatv.net,3
Class 4,romper.com,7
Class 4,romsgames.net,15
Class 4,rondoniaovivo.com,13
Class 4,roomie.jp,16
Class 4,rosario3.com,18
Class 4,rotowire.com,2
Class 4,rouleur-electrique.fr,24
Class 4,routard.com,6
Class 4,routinehub.co,22
Class 4,royalroad.com,6
Class 4,royanews.tv,15
Class 4,rpgsite.net,17
Class 4,rpp.pe,22
Class 4,rscripts.net,6
Class 4,rtings.com,15
Class 4,rtl.be,9
Class 4,rtl.lu,3
Class 4,rtp.pt,5
Class 4,rtvbn.com,27
Class 4,rtvonline.com,20
Class 4,ruck.co.uk,24
Class 4,rufus.ie,12
Class 4,rugbypass.com,8
Class 4,rumah123.com,13
Class 4,runnersworld.com,10
Class 4,rushlimbaugh.com,6
Class 4,russianfood.com,5
Class 4,ruyatabirleri.com,57
Class 4,rvlife.com,7
Class 4,rvshare.com,14
Class 4,ryukyushimpo.jp,21
Class 4,ryutsuu.biz,16
Class 4,sabq.org,9
Class 4,sacurrent.com,10
Class 4,sagaquiz.com,27
Class 4,saharareporters.com,35
Class 4,sahl.io,8
Class 4,saikura.info,22
Class 4,saitama-np.co.jp,18
Class 4,sakigake.jp,21
Class 4,salamancartvaldia.es,11
Class 4,sallysbakingaddiction.com,12
Class 4,salon.com,15
Class 4,salthasher.com,21
Class 4,saltwire.com,10
Class 4,salutbonjour.ca,6
Class 4,samaa.tv,17
Class 4,samacheerkalvi.guru,44
Class 4,samajaepaper.in,49
Class 4,samequizy.pl,14
Class 4,sammobile.com,31
Class 4,sandzaklive.rs,44
Class 4,sanfoundry.com,11
Class 4,sanin-chuo.co.jp,20
Class 4,santemagazine.fr,13
Class 4,santhoshrcf.com,44
Class 4,sanyonews.jp,13
Class 4,sarkariexam.com,4
Class 4,sarkarinetwork.com,16
Class 4,sarkariresult.com,47
Class 4,sarkariresult.com.cm,46
Class 4,sarkariresultfuture.com,47
Class 4,sarkariujala.com,49
Class 4,sarkarivigyapan.com,22
Class 4,sarna.net,10
Class 4,satellites.pro,3
Class 4,satisfactory-calculator.com,20
Class 4,satta-company.com,55
Class 4,satta-king-up.com,44
Class 4,satta-king.in,32
Class 4,satta-resultss.in,5
Class 4,satta-sport.com,9
Class 4,satta-xpress.com,81
Class 4,sattaking-superfast.com,35
Class 4,saudigazette.com.sa,7
Class 4,saudigoldprice.com,45
Class 4,save-free.com,5
Class 4,saveclip.app,12
Class 4,savetik.app,14
Class 4,savetik.co,11
Class 4,savetwitter.net,9
Class 4,saveur.com,5
Class 4,savevid.net,8
Class 4,sayidaty.net,18
Class 4,sbsolver.com,13
Class 4,sbt.com.br,14
Class 4,scanharga.com,30
Class 4,scanqr.org,22
Class 4,scanverify.com,5
Class 4,scarehome.com,33
Class 4,scarymommy.com,7
Class 4,schaatsen.nl,3
Class 4,schlagerparadies.de,24
Class 4,scholarshipdb.net,21
Class 4,schoolandcollegelistings.com,11
Class 4,schools.org.in,5
Class 4,sciencealert.com,26
Class 4,sciencefocus.com,9
Class 4,sciencesetavenir.fr,2
Class 4,sciencetimes.com,3
Class 4,scmp.com,16
Class 4,scoalarutiera.ro,15
Class 4,scooper.news,4
Class 4,scooter-attack.com,1
Class 4,scoresinlive.com,11
Class 4,scrabblewordfinder.org,19
Class 4,scrap.tf,4
Class 4,screendaily.com,10
Class 4,scribd.com,2
Class 4,scriptblox.com,13
Class 4,scriptpastebin.com,37
Class 4,scripts.com,29
Class 4,sdpnoticias.com,64
Class 4,seabreeze.com.au,12
Class 4,seahawks.com,14
Class 4,search.ch,10
Class 4,searchandhelp.com,7
Class 4,searchhounds.com,5
Class 4,searchrouter.com,18
Class 4,seat61.com,15
Class 4,seattletimes.com,7
Class 4,secondhandsongs.com,12
Class 4,secretchina.com,5
Class 4,secsports.com,6
Class 4,section8search.org,19
Class 4,securykit.com,5
Class 4,seeklogo.com,4
Class 4,seesaa.net,2
Class 4,segre.com,1
Class 4,seibertron.com,7
Class 4,selfstudys.com,23
Class 4,sellwild.com,12
Class 4,semana.com,20
Class 4,seneweb.com,8
Class 4,sensacine.com,15
Class 4,sensatsiya.com,11
Class 4,senscritique.com,17
Class 4,serai.jp,28
Class 4,seraj-uae.com,23
Class 4,serebii.net,11
Class 4,seriesgraph.com,19
Class 4,serverwatch.com,1
Class 4,seslisozluk.net,16
Class 4,setlist.fm,9
Class 4,setn.com,24
Class 4,setupad.com,2
Class 4,setupvpn.com,45
Class 4,seumundotech.com,24
Class 4,seventeen.com,9
Class 4,sfatulmedicului.ro,1
Class 4,sfexaminer.com,4
Class 4,shabdkosh.com,33
Class 4,shanghaifantasy.com,23
Class 4,sharecast.com,6
Class 4,sharefree.online,30
Class 4,sharemods.com,2
Class 4,sharenews24.com,35
Class 4,shb-sync.com,5
Class 4,shefinds.com,18
Class 4,shellshock.io,7
Class 4,shengboglobal.com,14
Class 4,sheppardsoftware.com,19
Class 4,shift4.com,2
Class 4,shiftdelete.net,22
Class 4,shiftnews.com,4
Class 4,shillong-teer-result.com,36
Class 4,shillongteerground.com,19
Class 4,shindanmaker.com,11
Class 4,shinden.pl,1
Class 4,shiningawards.com,18
Class 4,shipspotting.com,6
Class 4,shipxplorer.com,7
Class 4,shkola.in.ua,29
Class 4,shobiddak.com,5
Class 4,shockwave.com,7
Class 4,shop.pr,12
Class 4,shoparize.com,6
Class 4,shopflix.gr,5
Class 4,shopgoodwill.com,10
Class 4,shortlist.com,19
Class 4,shortstamil.com,48
Class 4,shotcut.org,18
Class 4,shoutwiki.com,5
Class 4,showcase.com.br,5
Class 4,siamphone.com,33
Class 4,sic.pt,17
Class 4,sicnoticias.pt,16
Class 4,sieradzak.pl,9
Class 4,sifted.eu,8
Class 4,significados.com,12
Class 4,sikayetvar.com,9
Class 4,silden24.com,5
Class 4,silodrome.com,37
Class 4,silvergames.com,14
Class 4,simcast.com,15
Class 4,simkl.com,10
Class 4,simplyhired-staging.com,5
Class 4,sinarharian.com.my,16
Class 4,sinodefenceforum.com,13
Class 4,sinonimos.com.br,11
Class 4,sirajlive.com,26
Class 4,sirogohan.com,15
Class 4,sitagliptininfo.com,4
Class 4,sitelike.org,11
Class 4,siteprice.org,26
Class 4,skai.gr,21
Class 4,skapiec.pl,7
Class 4,skiinformatie.nl,9
Class 4,skijumping.pl,14
Class 4,skinnytaste.com,13
Class 4,skmedix.pl,26
Class 4,skribbl.io,14
Class 4,sky.com,1
Class 4,skyatnightmagazine.com,9
Class 4,skybroadband.com,1
Class 4,skylinewebcams.com,23
Class 4,skylots.org,8
Class 4,skyscrapercity.com,7
Class 4,skyslope.com,4
Class 4,skytec.games,5
Class 4,skyvector.com,15
Class 4,slantmagazine.com,5
Class 4,slashdot.org,1
Class 4,slashfilm.com,13
Class 4,slashgear.com,14
Class 4,slate.com,14
Class 4,slate.fr,17
Class 4,slopeonline.online,22
Class 4,slovoidilo.ua,6
Class 4,slurrp.com,11
Class 4,sluurpy.com,26
Class 4,smallable.com,1
Class 4,smallbiztrends.com,20
Class 4,smallseotools.com,13
Class 4,smartcompany.com.au,10
Class 4,smartcric.is,16
Class 4,smarterbidder.com,4
Class 4,smbc-comics.com,9
Class 4,smcb.jp,7
Class 4,smh.com.au,14
Class 4,smogon.com,12
Class 4,smoothradio.com,19
Class 4,sms24.me,8
Class 4,snackvideo.com,6
Class 4,snapeda.com,2
Class 4,snapinsta.com.br,22
Class 4,snapinsta.to,12
Class 4,snapsave.app,14
Class 4,snapsave.io,9
Class 4,snaptik.app,9
Class 4,snaptik.cx,9
Class 4,snaptik.kim,14
Class 4,snaptik.net,5
Class 4,snaptrading.co,4
Class 4,sndcdn.com,7
Class 4,sneakernews.com,2
Class 4,sneakerwars.jp,33
Class 4,snl24.com,16
Class 4,snokido.com,20
Class 4,snooker.org,6
Class 4,snopes.com,14
Class 4,snow-forecast.com,8
Class 4,snowreport.gr,28
Class 4,soccer-rating.com,26
Class 4,soccer365.com.ua,15
Class 4,soccerstats.com,25
Class 4,soccervital.com,14
Class 4,socialbaner.com,12
Class 4,socialblade.com,6
Class 4,socialearning.org,13
Class 4,socialmediatoday.com,1
Class 4,societe.com,9
Class 4,sodapdf.com,1
Class 4,sofascore.com,15
Class 4,sofifa.com,8
Class 4,sofoot.com,8
Class 4,soft112.com,21
Class 4,softonic-ar.com,10
Class 4,softonic-id.com,11
Class 4,softonic.com.br,7
Class 4,softonic.ru,12
Class 4,softpedia.com,8
Class 4,solitairebliss.com,15
Class 4,solitr.com,15
Class 4,solocal.com,1
Class 4,somatematica.com.br,17
Class 4,someecards.com,8
Class 4,somersetlive.co.uk,17
Class 4,sommenoefenen.nl,6
Class 4,somosohlala.com,14
Class 4,somoynews.tv,12
Class 4,somplo.com,1
Class 4,sondakika.com,10
Class 4,songfacts.com,6
Class 4,songhub.lk,40
Class 4,songkick.com,14
Class 4,songmeanings.com,13
Class 4,songsterr.com,4
Class 4,sooplive.co.kr,4
Class 4,sooplive.com,5
Class 4,sootoday.com,13
Class 4,soritia.jp,7
Class 4,sorubak.com,9
Class 4,sosugary.com,40
Class 4,sosyalhalisaha.com,10
Class 4,soundboardguys.com,12
Class 4,soundbuttonsworld.com,31
Class 4,soundcloud.com,6
Class 4,soundguys.com,6
Class 4,southern.edu,4
Class 4,soy502.com,8
Class 4,soydelmillo.com,31
Class 4,soymotor.com,9
Class 4,sp-today.com,9
Class 4,space.com,22
Class 4,spacecoastdaily.com,15
Class 4,spaceweatherlive.com,22
Class 4,spainhouses.net,10
Class 4,spanishdict.com,11
Class 4,spectator.org,14
Class 4,speechma.com,48
Class 4,speedguide.net,40
Class 4,speedrun.com,2
Class 4,speedsmart.net,12
Class 4,speisekarte.menu,7
Class 4,spendwithpennies.com,26
Class 4,spidersweb.pl,8
Class 4,spiked-online.com,6
Class 4,spine-health.com,16
Class 4,spinics.net,9
Class 4,spinthewheel.app,16
Class 4,spinthewheel.io,46
Class 4,spironolactoneinfo.com,4
Class 4,spletnik.ru,8
Class 4,spolecznosci.net,1
Class 4,sporcle.com,19
Class 4,spordle.com,9
Class 4,sport.es,17
Class 4,sport.ro,2
Class 4,sport24.gr,22
Class 4,sportal.bg,12
Class 4,sportbibeln.se,22
Class 4,sporticos.com,7
Class 4,sportime.gr,13
Class 4,sportinfo.az,13
Class 4,sportnews.bz,3
Class 4,sportposzt.com,31
Class 4,sports.kz,15
Class 4,sportskeeda.com,21
Class 4,sportsmole.co.uk,8
Class 4,sportsnaut.com,11
Class 4,sportsport.ba,16
Class 4,sportsseier.com,17
Class 4,sportsv.net,24
Class 4,sporx.com,18
Class 4,spotern.com,22
Class 4,spotmedia.ro,17
Class 4,spotrac.com,14
Class 4,spriters-resource.com,7
Class 4,sprunki.org,16
Class 4,sprzedajemy.pl,5
Class 4,sptimes.com,6
Class 4,sputnikmusic.com,43
Class 4,squidapp.co,7
Class 4,srugim.co.il,27
Class 4,ssbwiki.com,7
Class 4,sshmax.net,36
Class 4,sspadp.com,5
Class 4,sssinstagram.com,21
Class 4,ssstik.io,19
Class 4,ssstwitter.com,22
Class 4,stabroeknews.com,37
Class 4,stackumbrella.com,43
Class 4,stadiumastro.com,25
Class 4,stadt-bremerhaven.de,10
Class 4,stamfordadvocate.com,16
Class 4,standard.net,19
Class 4,standardmedia.co.ke,24
Class 4,standartnews.com,24
Class 4,standsapp.org,1
Class 4,stanforddaily.com,1
Class 4,staradvertiser.com,34
Class 4,startbootstrap.com,18
Class 4,startpage.co.il,7
Class 4,startpagina.nl,17
Class 4,startupcafe.ro,14
Class 4,stat24.com,5
Class 4,statarea.com,17
Class 4,statesman.com,11
Class 4,statista.com,7
Class 4,statlocker.gg,14
Class 4,stats.cc,8
Class 4,statsforspotify.com,13
Class 4,steamcharts.com,7
Class 4,steamgifts.com,2
Class 4,steelers.com,22
Class 4,steelersdepot.com,40
Class 4,stereogum.com,11
Class 4,stgeorgeutah.com,14
Class 4,sticknodes.com,11
Class 4,stickpng.com,32
Class 4,stilearte.it,25
Class 4,stirileprotv.ro,1
Class 4,stmods.org,16
Class 4,stockanalysis.com,7
Class 4,stockq.org,42
Class 4,stockwatch.com,13
Class 4,stockx.com,1
Class 4,stonkstutors.com,30
Class 4,storia.ro,1
Class 4,stories-blog.com,36
Class 4,storm.mg,26
Class 4,storynavigation.com,22
Class 4,storysaver.net,35
Class 4,storyweb.jp,18
Class 4,straightdope.com,5
Class 4,strategywiki.org,19
Class 4,streamon.fm,6
Class 4,strefabiznesu.pl,1
Class 4,strengthlevel.com,12
Class 4,studycountry.com,15
Class 4,studyfinds.org,9
Class 4,studysmarter.co.uk,16
Class 4,stuff.co.nz,9
Class 4,stuff.tv,40
Class 4,styleshout.com,21
Class 4,stylevore.com,12
Class 4,stylish-name.net,37
Class 4,stylish-names.net,23
Class 4,stylist.co.uk,4
Class 4,suamusica.com.br,10
Class 4,suaramerdeka.com,24
Class 4,sub4sub.net,14
Class 4,sub4unlock.co,11
Class 4,subito.it,8
Class 4,subrayado.com.uy,13
Class 4,successcds.net,23
Class 4,sudbury.com,11
Class 4,sudoku-online.org,23
Class 4,suedtirol.live,3
Class 4,sufficientvelocity.com,14
Class 4,sugarspunrun.com,13
Class 4,suki-kira.com,5
Class 4,summonersky.com,14
Class 4,sundayguardianlive.com,21
Class 4,sunset.com,13
Class 4,sunstar.com.ph,14
Class 4,suntimes.com,10
Class 4,superantispyware.com,7
Class 4,superbru.com,2
Class 4,supercarblondie.com,17
Class 4,supercars.net,19
Class 4,supercheats.com,9
Class 4,supercoloring.com,5
Class 4,supercook.com,7
Class 4,superdeporte.es,14
Class 4,superencontre.com,6
Class 4,supereva.it,6
Class 4,superherohype.com,8
Class 4,superlawyers.com,4
Class 4,superplacar.com.br,14
Class 4,supersoluce.com,1
Class 4,supersport.com,5
Class 4,supertennis.tv,6
Class 4,superuser.com,12
Class 4,supervasco.com,22
Class 4,supremacy1914.com,1
Class 4,surahquran.com,12
Class 4,surf-forecast.com,3
Class 4,surfertoday.com,17
Class 4,surveylama.com,3
Class 4,sushida.net,7
Class 4,sussfelnap.hu,27
Class 4,sustainability-directory.com,4
Class 4,svetevity.sk,15
Class 4,svgsilh.com,31
Class 4,svhrt.com,5
Class 4,swan.sk,3
Class 4,sweclockers.com,12
Class 4,sweepstakesfanatics.com,9
Class 4,sweet.tv,3
Class 4,sweezy-cursors.com,30
Class 4,swehockey.se,9
Class 4,swgoh.gg,12
Class 4,swoodoo.com,4
Class 4,symbaloo.com,21
Class 4,symbl.cc,23
Class 4,sympatico.ca,4
Class 4,synonym.com,20
Class 4,synthroidinfo.com,6
Class 4,syri.net,10
Class 4,syria.tv,12
Class 4,sysoon.com,1
Class 4,systemrequirementslab.com,8
Class 4,t3.com,24
Class 4,ta3.com,19
Class 4,taaloefenen.nl,16
Class 4,tab4u.com,9
Class 4,tablasdemultiplicar.com,10
Class 4,taboolanews.com,7
Class 4,taexeiola.gr,10
Class 4,tafeldiploma.nl,10
Class 4,tahiamasr.com,17
Class 4,takagazete.com.tr,6
Class 4,taleem360.com,27
Class 4,taleemcity.com,22
Class 4,talkbass.com,4
Class 4,talkiex.com,5
Class 4,talkingpointsmemo.com,8
Class 4,talktalk.co.uk,1
Class 4,talkwithstranger.com,10
Class 4,tamashaweb.com,5
Class 4,tamilanguide.in,32
Class 4,tamildailycalendar.com,23
Class 4,tamilwin.com,33
Class 4,tamindir.com,39
Class 4,taming.io,11
Class 4,tampabay.com,11
Class 4,tamsulosininfo.com,6
Class 4,tangooserver.com,1
Class 4,tapology.com,20
Class 4,tappedout.net,15
Class 4,tastesbetterfromscratch.com,40
Class 4,tastingtable.com,9
Class 4,tatler.com,28
Class 4,taxguru.in,33
Class 4,tayyar.org,11
Class 4,tbsnews.net,20
Class 4,tbsradio.jp,18
Class 4,tchatche.com,55
Class 4,tcpdf.org,19
Class 4,tds.net,3
Class 4,teachertube.com,9
Class 4,teatimeresults.info,49
Class 4,techbang.com,21
Class 4,techbullion.com,20
Class 4,techcrunch.com,23
Class 4,techeblog.com,16
Class 4,techinfus.com,39
Class 4,techinsider.io,7
Class 4,techlein.com,23
Class 4,technave.com,6
Class 4,technical.city,11
Class 4,technicpack.net,12
Class 4,techno-science.net,11
Class 4,technologyadvice.com,1
Class 4,technologyreview.com,3
Class 4,technopat.net,16
Class 4,techondicas.com,29
Class 4,techplaygames.com,30
Class 4,techradar.com,17
Class 4,techrepublic.com,15
Class 4,techspot.com,7
Class 4,techstory.in,54
Class 4,techtarget.com,4
Class 4,techterms.com,30
Class 4,techtimes.com,11
Class 4,techtudo.com.br,10
Class 4,tecmundo.com.br,10
Class 4,tecnicadellascuola.it,24
Class 4,tecnoblog.net,9
Class 4,teerresults.com,12
Class 4,teertooday.com,16
Class 4,tek-tips.com,4
Class 4,tekstovi.net,35
Class 4,telanganatoday.com,14
Class 4,telecinco.es,21
Class 4,telediario.mx,11
Class 4,teledigo.com,45
Class 4,telefootball.net,9
Class 4,telegraaf.nl,2
Class 4,telegraf.rs,14
Class 4,telegrafi.com,6
Class 4,telegraph.co.uk,7
Class 4,telegraphindia.com,22
Class 4,telemadrid.es,4
Class 4,telemetro.com,15
Class 4,telemundo.com,5
Class 4,telesport.co.il,6
Class 4,telestream.net,2
Class 4,teletica.com,14
Class 4,telix.pl,34
Class 4,telugu360.com,10
Class 4,temp-number.com,3
Class 4,templatemo.com,25
Class 4,tempo.co,14
Class 4,temptalia.com,9
Class 4,tendanceouest.com,24
Class 4,tenisnews.com.br,33
Class 4,tenki.jp,26
Class 4,tennisforum.com,6
Class 4,tennisoff.net,17
Class 4,tennistemple.com,2
Class 4,terra.com.br,20
Class 4,terrayou.com,16
Class 4,terrikon.com,17
Class 4,teslamotorsclub.com,16
Class 4,testdriver.gr,21
Class 4,testlericoz.com,24
Class 4,testmy.net,9
Class 4,testname.me,38
Class 4,texags.com,11
Class 4,textise.net,14
Class 4,textstudio.com,28
Class 4,tezmatka.in,4
Class 4,tfd.com,6
Class 4,tftacademy.com,6
Class 4,tftactics.gg,19
Class 4,tftflow.com,7
Class 4,tgdaily.com,19
Class 4,thaipost.net,15
Class 4,thairath.co.th,29
Class 4,thaiware.com,25
Class 4,the-express.com,5
Class 4,the-independent.com,19
Class 4,the-numbers.com,6
Class 4,theage.com.au,6
Class 4,theanimalrescuesite.com,16
Class 4,theautopian.com,17
Class 4,theaviationist.com,9
Class 4,thebest.gr,32
Class 4,thebigmansworld.com,13
Class 4,theblast.com,9
Class 4,thebrag.com,16
Class 4,thecalculatorsite.com,20
Class 4,thecarconnection.com,11
Class 4,thechive.com,15
Class 4,thechronicleherald.ca,10
Class 4,thechunkychef.com,1
Class 4,thecinemaholic.com,17
Class 4,thecitizen.co.tz,12
Class 4,thecollegefix.com,15
Class 4,theconstructor.org,24
Class 4,thecookierookie.com,32
Class 4,thecoolist.com,5
Class 4,thecradle.co,28
Class 4,thecrimson.com,10
Class 4,thedailycampus.com,20
Class 4,thedailyentertainment.in,37
Class 4,theday.com,10
Class 4,thedrum.com,20
Class 4,thedyrt.com,9
Class 4,theeastafrican.co.ke,7
Class 4,theeconomiccollapseblog.com,57
Class 4,theepochtimes.com,11
Class 4,theexplorers.com,2
Class 4,thefader.com,9
Class 4,thefamouspeople.com,24
Class 4,thefederalist.com,19
Class 4,thefilmstage.com,16
Class 4,thegatewaypundit.com,2
Class 4,thegearpage.net,9
Class 4,thegradcafe.com,19
Class 4,thegrocer.co.uk,9
Class 4,thehansindia.com,9
Class 4,thehealthsite.com,18
Class 4,thehimalayantimes.com,14
Class 4,thehindubusinessline.com,2
Class 4,thehockeynews.com,12
Class 4,thehour.com,17
Class 4,thehulltruth.com,10
Class 4,theindependent.sg,12
Class 4,thejigsawpuzzles.com,15
Class 4,thejournal.ie,4
Class 4,thelallantop.com,12
Class 4,thelayoff.com,6
Class 4,thelibertydaily.com,9
Class 4,thelist.com,11
Class 4,thelocal.de,9
Class 4,thelocal.dk,6
Class 4,thelocal.es,6
Class 4,thelocal.fr,8
Class 4,thelocal.it,7
Class 4,thelocal.se,6
Class 4,thelondoneconomic.com,10
Class 4,themanual.com,21
Class 4,themarker.com,8
Class 4,themediterraneandish.com,14
Class 4,themighty.com,7
Class 4,themirror.com,2
Class 4,themodernproper.com,25
Class 4,thenakedscientists.com,27
Class 4,thenationaldesk.com,12
Class 4,thenationonlineng.net,22
Class 4,thenewdaily.com.au,5
Class 4,thenewslens.com,24
Class 4,thenextstop.net,8
Class 4,theodysseyonline.com,18
Class 4,theoi.com,11
Class 4,theoutbound.com,13
Class 4,thepaperbooks.com,11
Class 4,thepaypers.com,7
Class 4,thepeninsulaqatar.com,11
Class 4,thepioneerwoman.com,7
Class 4,theplantbasedschool.com,30
Class 4,theportugalnews.com,24
Class 4,thepost.co.nz,9
Class 4,thepress.co.nz,9
Class 4,thequint.com,11
Class 4,therams.com,21
Class 4,therealdeal.com,8
Class 4,therecipecritic.com,20
Class 4,therecord.com,10
Class 4,theregister.co.uk,6
Class 4,theregister.com,13
Class 4,theriver.jp,18
Class 4,theroot.com,5
Class 4,thesalarycalculator.co.uk,14
Class 4,theshaderoom.com,21
Class 4,thesimsresource.com,7
Class 4,thesixthaxis.com,5
Class 4,theskylive.com,17
Class 4,thesmartlocal.com,23
Class 4,thesource.com,11
Class 4,thesouthafrican.com,17
Class 4,thespec.com,15
Class 4,thestar.com,19
Class 4,thestar.com.my,18
Class 4,thestudentroom.co.uk,13
Class 4,thestudypath.com,23
Class 4,thetab.com,10
Class 4,thetakeout.com,11
Class 4,thetelegraph.com,31
Class 4,thethao247.vn,41
Class 4,thethaovanhoa.vn,30
Class 4,thetoc.gr,22
Class 4,thetrackernetwork.com,2
Class 4,thetrainline.com,2
Class 4,thetriumphforum.com,10
Class 4,thetvdb.com,6
Class 4,theuselessweb.com,8
Class 4,thevintagenews.com,13
Class 4,thevocket.com,25
Class 4,theweathernetwork.com,10
Class 4,theweek.co.uk,12
Class 4,theweek.com,25
Class 4,theweek.in,15
Class 4,thewoksoflife.com,14
Class 4,thewom.it,8
Class 4,thewordfinder.com,11
Class 4,thewormsworld.com,24
Class 4,thewrap.com,15
Class 4,thezoereport.com,7
Class 4,thingiverse.com,4
Class 4,thinkadvisor.com,9
Class 4,thinkprogress.org,7
Class 4,thinkspain.com,7
Class 4,thisiscolossal.com,10
Class 4,thivien.net,29
Class 4,thoughtcatalog.com,11
Class 4,threadreaderapp.com,19
Class 4,threadsdownloader.com,8
Class 4,thunderstore.io,8
Class 4,tibiawiki.com.br,8
Class 4,ticino.com,7
Class 4,ticketline.pt,3
Class 4,ticketmaster.gr,6
Class 4,ticotimes.net,18
Class 4,tide-forecast.com,1
Class 4,tideschart.com,28
Class 4,tiempodesanjuan.com,23
Class 4,tiendeo.com,7
Class 4,tiengdong.com,58
Class 4,tienphong.vn,18
Class 4,tigerdroppings.com,7
Class 4,tikagames.com,34
Class 4,tikdownloader.io,5
Class 4,tiksave.io,5
Class 4,tiktokio.tools,23
Class 4,tiktokoa.com,24
Class 4,tikvib.com,7
Class 4,tikvid.io,12
Class 4,tikvideo.app,16
Class 4,time.com,26
Class 4,time.now,31
Class 4,timeanddate.com,9
Class 4,timeanddate.de,7
Class 4,timeforkids.com,3
Class 4,timesbull.com,12
Class 4,timescolonist.com,31
Class 4,timeshighereducation.com,20
Class 4,timesnowhindi.com,6
Class 4,timesnownews.com,4
Class 4,timesofindia.com,9
Class 4,timesofmalta.com,29
Class 4,timesprayer.com,16
Class 4,timesprayer.today,11
Class 4,timestables.co.uk,13
Class 4,timesunion.com,15
Class 4,tinhte.vn,24
Class 4,tintuconline.com.vn,12
Class 4,tinybeans.com,9
Class 4,tinywow.com,11
Class 4,tio.ch,8
Class 4,tirto.id,22
Class 4,tiscali.it,29
Class 4,tlife.gr,8
Class 4,tmate.cc,27
Class 4,tmz.com,4
Class 4,to10.gr,20
Class 4,toanmath.com,27
Class 4,tochka.net,9
Class 4,tocnoto.si,17
Class 4,toctruyen.net,21
Class 4,todamateria.com.br,15
Class 4,todaydearlotteryresult.com,35
Class 4,todayonline.com,12
Class 4,togetherii.com,8
Class 4,togetter.com,10
Class 4,tokcounter.com,11
Class 4,tokfm.pl,12
Class 4,tokubai.co.jp,18
Class 4,tokyo-np.co.jp,29
Class 4,tokyo-sports.co.jp,10
Class 4,tokyvideo.com,5
Class 4,toledoblade.com,14
Class 4,tomaticket.es,21
Class 4,tomato.gg,9
Class 4,tomsguide.com,26
Class 4,tomshardware.com,28
Class 4,tonkosti.ru,18
Class 4,toofab.com,3
Class 4,top-channel.tv,13
Class 4,top-radio.ru,18
Class 4,top4top.io,34
Class 4,topclassactions.com,18
Class 4,topgames.com,14
Class 4,topics.or.jp,24
Class 4,topky.sk,35
Class 4,topliker.net,24
Class 4,topmarks.co.uk,11
Class 4,topmercato.com,6
Class 4,topographic-map.com,5
Class 4,toponavi.com,36
Class 4,topontiki.gr,15
Class 4,topsante.com,7
Class 4,topstarnews.net,16
Class 4,toptenreviews.com,29
Class 4,toronto.com,11
Class 4,torquenews.com,29
Class 4,torrent4me.com,5
Class 4,tortoisesvn.net,47
Class 4,totaltools.com.au,3
Class 4,townandcountrymag.com,11
Class 4,toytheater.com,15
Class 4,tpu.ro,1
Class 4,track-trace.com,16
Class 4,track718.com,20
Class 4,track718.us,40
Class 4,tracker.gg,2
Class 4,tracker.network,2
Class 4,trackpackagex.com,11
Class 4,trackyserver.com,22
Class 4,tradebrains.in,13
Class 4,tradera.com,3
Class 4,tradera.net,3
Class 4,tradetron.tech,4
Class 4,tradingsat.com,13
Class 4,trafficnews.jp,12
Class 4,traicy.com,16
Class 4,trainerize.com,5
Class 4,trainingzone.co.uk,16
Class 4,transfiles.ru,9
Class 4,translate.ru,11
Class 4,transphoto.org,6
Class 4,travel.gr,13
Class 4,travelandtourworld.com,7
Class 4,travelawaits.com,15
Class 4,traveler.es,43
Class 4,travelmilesplus.com,14
Class 4,travelroo.com,1
Class 4,travelscloud.net,6
Class 4,travelweekly.com,4
Class 4,travelwitheaseblog.com,26
Class 4,treasurecomics.com,3
Class 4,trend.sk,10
Class 4,trendencias.com,18
Class 4,triblive.com,1
Class 4,tribunapr.com.br,23
Class 4,tribuneindia.com,19
Class 4,tribunnews.com,17
Class 4,trilltrill.jp,31
Class 4,tripoto.com,11
Class 4,trome.com,20
Class 4,trophymanager.com,8
Class 4,tropicaltidbits.com,4
Class 4,trt1.com.tr,5
Class 4,trthaber.com,6
Class 4,trtspor.com.tr,3
Class 4,truckersmp.com,16
Class 4,truckymods.io,8
Class 4,trucoscoinmaster.com,34
Class 4,trueriders.it,23
Class 4,truity.com,14
Class 4,truthdig.com,9
Class 4,truyenaudiocv.info,12
Class 4,truyenaudiocv.org,17
Class 4,truyendecu.net,9
Class 4,tryhardguides.com,18
Class 4,tsf.pt,17
Class 4,tters.jp,12
Class 4,ttsave.app,26
Class 4,tuasaude.com,27
Class 4,tubefilter.com,16
Class 4,tudocelular.com,13
Class 4,tudogostoso.com.br,12
Class 4,tudomuaban.com,38
Class 4,tudoreceitas.com,10
Class 4,tudosaladeaula.com,20
Class 4,tui.be,2
Class 4,tuifly.be,2
Class 4,tujugada.com.ar,5
Class 4,tuko.co.ke,7
Class 4,tumblr.com,1
Class 4,tunebat.com,4
Class 4,tunein.com,10
Class 4,tunisienumerique.com,38
Class 4,tunota.com,19
Class 4,tupaki.com,21
Class 4,tupi.fm,11
Class 4,tureng.com,2
Class 4,turf-pronostics.com,21
Class 4,turismocity.com.ar,10
Class 4,turistipercaso.it,18
Class 4,turkmenportal.com,3
Class 4,turnto10.com,20
Class 4,tutiempo.net,14
Class 4,tuttoannunci.org,43
Class 4,tuttosport.com,5
Class 4,tv-programme.com,47
Class 4,tv-tokyo.co.jp,6
Class 4,tv1.eu,1
Class 4,tv2play.hu,11
Class 4,tv4.se,8
Class 4,tv5monde.com,3
Class 4,tv5mondeplus.com,6
Class 4,tv9bangla.com,33
Class 4,tv9gujarati.com,20
Class 4,tv9hindi.com,48
Class 4,tv9kannada.com,26
Class 4,tv9marathi.com,26
Class 4,tv9telugu.com,14
Class 4,tvanouvelles.ca,15
Class 4,tvasports.ca,22
Class 4,tvazteca.com,30
Class 4,tvfool.com,41
Class 4,tvhnews.com.br,34
Class 4,tvinsider.com,18
Class 4,tvline.com,11
Class 4,tvmalaysia.live,4
Class 4,tvnoviny.sk,11
Class 4,tvoemisto.tv,11
Class 4,tvonenews.com,20
Class 4,tvovermind.com,13
Class 4,tvreport.co.kr,12
Class 4,tvron.ro,22
Class 4,tvstanici.net,11
Class 4,tvtechnology.com,27
Class 4,tvtime.com,17
Class 4,tvtropes.org,3
Class 4,tweaktown.com,1
Class 4,twentytwowords.com,12
Class 4,twiman.net,15
Class 4,twistedsifter.com,24
Class 4,twitchtracker.com,5
Class 4,twittervideodownloader.com,5
Class 4,twnmm.com,10
Class 4,twoplayergames.org,29
Class 4,twstats.com,12
Class 4,twtd.co.uk,1
Class 4,twword.com,8
Class 4,tycsports.com,28
Class 4,typeracer.com,9
Class 4,typingstudy.com,30
Class 4,tysol.pl,19
Class 4,u-mama.ru,8
Class 4,u.gg,10
Class 4,u.today,15
Class 4,ua.news,8
Class 4,uaegoldprices.com,39
Class 4,ucanews.com,6
Class 4,ucas.com,11
Class 4,udayavani.com,26
Class 4,udn.com,24
Class 4,uefa.com,8
Class 4,ufa1.ru,12
Class 4,ui-avatars.com,23
Class 4,ukdefencejournal.org.uk,31
Class 4,ukrainianwall.com,12
Class 4,ukulele-tabs.com,6
Class 4,ulloi129.hu,14
Class 4,ultimahora.com,21
Class 4,ultimasnoticias.com.ve,13
Class 4,ultimate-guitar.com,7
Class 4,ultimatespecs.com,32
Class 4,ultrafifa.com,18
Class 4,ultrasurfing.com,28
Class 4,ulusal.com.tr,6
Class 4,uma-x.jp,26
Class 4,umamusume.net,26
Class 4,umc.org,16
Class 4,umdoisesportes.com.br,8
Class 4,umingle.com,23
Class 4,ummat.net,17
Class 4,un-web.com,42
Class 4,uncrate.com,10
Class 4,undetectable.ai,2
Class 4,unfite.com,36
Class 4,unherd.com,8
Class 4,unisys.com,3
Class 4,united.no,5
Class 4,unithelper.com,10
Class 4,unityroom.com,22
Class 4,univ-paris3.fr,1
Class 4,universityworldnews.com,3
Class 4,univr.it,1
Class 4,unixtimestamp.com,10
Class 4,unjobs.org,12
Class 4,unknowncheats.me,14
Class 4,unkoi.com,21
Class 4,unn.ua,5
Class 4,unotv.com,19
Class 4,untappedcities.com,15
Class 4,uol.com,7
Class 4,uol.com.br,28
Class 4,up2.app,5
Class 4,updatestar.com,30
Class 4,upgarage.com,2
Class 4,upl.uz,11
Class 4,upmedia.mg,16
Class 4,uproxx.com,13
Class 4,upscale.media,7
Class 4,upworthy.com,15
Class 4,urbandictionary.com,1
Class 4,urdupoint.com,6
Class 4,urlaubsguru.de,13
Class 4,urlz.fr,9
Class 4,usalearns.org,16
Class 4,usamega.com,6
Class 4,usbeketrica.com,2
Class 4,userbenchmark.com,12
Class 4,usine-digitale.fr,2
Class 4,usinflationcalculator.com,39
Class 4,usnetads.com,6
Class 4,uspto.report,9
Class 4,usssa.com,14
Class 4,utah.com,23
Class 4,utakmica.rs,13
Class 4,utaten.com,23
Class 4,utorrent.com,2
Class 4,utroruse.com,17
Class 4,utrsports.net,11
Class 4,utusan.com.my,24
Class 4,uznayvse.ru,7
Class 4,v2ex.com,19
Class 4,vademecum.es,3
Class 4,valdemarsro.dk,12
Class 4,valenciaplaza.com,10
Class 4,valeursactuelles.com,7
Class 4,valleynewslive.com,8
Class 4,vancouverisawesome.com,39
Class 4,vanguardia.com,17
Class 4,vanguardia.com.mx,12
Class 4,vanitha.in,14
Class 4,vanityfair.fr,2
Class 4,vanityfair.it,23
Class 4,varagesale.com,5
Class 4,varthabharati.in,20
Class 4,vclock.com,13
Class 4,vegrecipesofindia.com,18
Class 4,veltra.com,9
Class 4,venatusmedia.com,2
Class 4,ventoy.net,16
Class 4,veranda.com,8
Class 4,verloop.io,3
Class 4,vermiip.es,14
Class 4,versus.com,10
Class 4,veryweb.jp,22
Class 4,vesti.kz,5
Class 4,vesty.co.il,16
Class 4,vetstreet.com,15
Class 4,vettafi.com,1
Class 4,vgchartz.com,29
Class 4,vgorode.ua,11
Class 4,viabovag.nl,3
Class 4,viamichelin.be,3
Class 4,viamichelin.ch,3
Class 4,viamichelin.co.uk,5
Class 4,viamichelin.com,4
Class 4,viamichelin.de,6
Class 4,viamichelin.it,4
Class 4,viamichelin.pt,5
Class 4,viapais.com.ar,19
Class 4,vice.com,18
Class 4,vicitygame.com,28
Class 4,victorraulrr.info,17
Class 4,vidaextra.com,12
Class 4,videnskab.dk,7
Class 4,video-facts.com,16
Class 4,videogameschronicle.com,8
Class 4,videohelp.com,11
Class 4,videyi.com,5
Class 4,vidgap.com,15
Class 4,vidio.com,6
Class 4,vietnambiz.vn,15
Class 4,vietstock.vn,19
Class 4,viettimes.vn,6
Class 4,viewfromthewing.com,18
Class 4,vijayavani.net,2
Class 4,vijaykarnataka.com,14
Class 4,vikatan.com,27
Class 4,vikings.com,22
Class 4,village-justice.com,10
Class 4,villages-news.com,56
Class 4,vindy.com,17
Class 4,vinepair.com,10
Class 4,vinted.at,7
Class 4,vinted.be,6
Class 4,vinted.co.uk,9
Class 4,vinted.com,2
Class 4,vinted.cz,12
Class 4,vinted.de,12
Class 4,vinted.dk,5
Class 4,vinted.gr,4
Class 4,vinted.hr,8
Class 4,vinted.hu,7
Class 4,vinted.ie,11
Class 4,vinted.it,8
Class 4,vinted.lt,6
Class 4,vinted.pl,7
Class 4,vinted.pt,7
Class 4,vinted.ro,5
Class 4,vinted.se,6
Class 4,vinted.sk,11
Class 4,virgilio.it,2
Class 4,virtualglobetrotting.com,13
Class 4,virtualpiano.net,5
Class 4,visitcalifornia.com,4
Class 4,visualcapitalist.com,10
Class 4,vitibet.com,18
Class 4,viva.co.id,9
Class 4,viva.nl,10
Class 4,vivutruyen.net,34
Class 4,vivutruyen2.net,22
Class 4,vlasta.cz,13
Class 4,vlr.gg,8
Class 4,vnexpress.net,19
Class 4,vntemplatescode.com,31
Class 4,vocento.com,1
Class 4,vogue.co.kr,11
Class 4,vogue.co.uk,22
Class 4,vogue.de,43
Class 4,vogue.es,35
Class 4,vogue.fr,3
Class 4,vogue.it,26
Class 4,voh.com.vn,13
Class 4,voi.id,38
Class 4,voicy.network,3
Class 4,volcanodiscovery.com,5
Class 4,volnation.com,13
Class 4,voltairenet.org,51
Class 4,voria.gr,11
Class 4,voronoiapp.com,17
Class 4,vortexmag.net,22
Class 4,voterlist.co.in,22
Class 4,vozpopuli.com,12
Class 4,vremea.net,35
Class 4,vrisko.gr,13
Class 4,vsbattles.com,11
Class 4,vshkole.com,7
Class 4,vshkole.com.ua,23
Class 4,vtcnews.vn,24
Class 4,vtdigger.org,16
Class 4,vwvortex.com,5
Class 4,wafb.com,9
Class 4,wafflegame.net,7
Class 4,wago.io,6
Class 4,waka.vn,7
Class 4,wakool.net,8
Class 4,walb.com,16
Class 4,walla.co.il,22
Class 4,wallpaper.com,31
Class 4,wallpaperbetter.com,43
Class 4,wallpapers.com,18
Class 4,wallpaperscraft.com,17
Class 4,wallpaperswide.com,30
Class 4,wallstreetmojo.com,7
Class 4,walmart.co.cr,9
Class 4,wamiz.com,4
Class 4,wannafind.dk,3
Class 4,want.nl,7
Class 4,wapo.st,6
Class 4,wareable.com,7
Class 4,wargamer.com,20
Class 4,warhistoryonline.com,12
Class 4,washingtoncitypaper.com,11
Class 4,washingtonian.com,10
Class 4,washingtonpost.com,19
Class 4,washingtontimes.com,7
Class 4,washtimes.com,9
Class 4,watchdocumentaries.com,9
Class 4,watchuseek.com,8
Class 4,waters.com,1
Class 4,watoday.com.au,6
Class 4,wattpad.com,1
Class 4,wavebluecollection.com,7
Class 4,wbay.com,14
Class 4,wbpay.in,19
Class 4,wbrz.com,19
Class 4,wbtv.com,9
Class 4,wcax.com,10
Class 4,wccftech.com,16
Class 4,wchstv.com,21
Class 4,wcti12.com,23
Class 4,wcyb.com,24
Class 4,wdwnt.com,17
Class 4,wearedevs.net,23
Class 4,weartv.com,25
Class 4,weather-forecast.com,9
Class 4,weatherextension.com,11
Class 4,weathernews.com,4
Class 4,weathernews.jp,28
Class 4,weatheronline.co.uk,15
Class 4,weatherwidget.org,6
Class 4,weatherzone.com.au,11
Class 4,web-greenbelt.jp,9
Class 4,web-jong.com,30
Class 4,webappbazaar.com,22
Class 4,webaslan.com,7
Class 4,webcamtaxi.com,11
Class 4,webcamtoy.com,24
Class 4,webcartop.jp,35
Class 4,webcindario.com,7
Class 4,webdesignerdepot.com,4
Class 4,webhitlist.com,43
Class 4,webmasterplan.com,27
Class 4,webmd.com,1
Class 4,webparsab.com,62
Class 4,webshots.com,16
Class 4,webteb.com,17
Class 4,webtekno.com,4
Class 4,webyourself.eu,3
Class 4,wect.com,13
Class 4,weekli.de,5
Class 4,wellplated.com,16
Class 4,welovetennis.fr,13
Class 4,wenxuecity.com,22
Class 4,wetransfer.com,2
Class 4,wetteronline.at,19
Class 4,wetterzentrale.de,1
Class 4,weworkremotely.com,7
Class 4,wfmz.com,7
Class 4,wfsb.com,11
Class 4,wgme.com,25
Class 4,whatcar.com,6
Class 4,whatculture.com,19
Class 4,whathifi.com,36
Class 4,whatismyip.com,5
Class 4,whatismyip.net,11
Class 4,whatmobile.com.pk,69
Class 4,whatsonstage.com,7
Class 4,whdh.com,11
Class 4,wheel-size.com,19
Class 4,when2meet.com,12
Class 4,whereorg.com,20
Class 4,wheresthematch.com,6
Class 4,whichcar.com.au,4
Class 4,white-pages.gr,15
Class 4,whitescreen.online,19
Class 4,who.is,16
Class 4,wholesomeyum.com,28
Class 4,whosdatedwho.com,44
Class 4,whowhatwear.com,27
Class 4,wiara.pl,21
Class 4,wideopencountry.com,21
Class 4,wikicv.net,11
Class 4,wikihow.com,11
Class 4,wikiital.com,16
Class 4,wikimili.com,17
Class 4,wikitravel.org,17
Class 4,wildriftfire.com,27
Class 4,wildtangent.com,5
Class 4,willyweather.com,17
Class 4,willyweather.com.au,14
Class 4,wilx.com,5
Class 4,wimp.com,10
Class 4,windguru.cz,13
Class 4,windowscentral.com,24
Class 4,winscp.net,28
Class 4,winsports.co,15
Class 4,wired.it,25
Class 4,wired.jp,43
Class 4,wisden.com,19
Class 4,wisegeek.com,9
Class 4,wishtv.com,18
Class 4,wistv.com,11
Class 4,withnews.kr,19
Class 4,wjactv.com,22
Class 4,wjla.com,23
Class 4,wkorea.com,15
Class 4,wkyt.com,10
Class 4,wlbt.com,11
Class 4,wlos.com,23
Class 4,wlox.com,8
Class 4,wmagazine.com,4
Class 4,wnba.com,5
Class 4,wnd.com,5
Class 4,wolfstreet.com,24
Class 4,wolnihippisme.com,13
Class 4,woman.ru,13
Class 4,womanandhome.com,27
Class 4,womansday.com,6
Class 4,women.com,11
Class 4,womenshealthmag.com,7
Class 4,wonderhowto.com,30
Class 4,wongcw.com,31
Class 4,wordhippo.com,3
Class 4,wordleunlimited.org,17
Class 4,wordsofwonders.net,29
Class 4,wordunscrambler.me,14
Class 4,wordunscrambler.net,25
Class 4,workupload.com,3
Class 4,world-geography-games.com,6
Class 4,worlddata.info,26
Class 4,worldfootball.net,4
Class 4,worldguessr.com,5
Class 4,worldhistory.org,13
Class 4,worldnetdaily.com,3
Class 4,worldoil.com,7
Class 4,worldometers.info,13
Class 4,worldpopulationreview.com,18
Class 4,worldstar.com,37
Class 4,worldstarhiphop.com,14
Class 4,worldtimebuddy.com,7
Class 4,worldvectorlogo.com,12
Class 4,worth1000.com,1
Class 4,wow-petopia.com,6
Class 4,wow-professions.com,14
Class 4,wowdb.com,8
Class 4,wowrack.com,2
Class 4,wowt.com,8
Class 4,wpde.com,18
Class 4,wpxi.com,2
Class 4,wrdw.com,8
Class 4,wrestleplay.com,4
Class 4,wrestletalk.com,52
Class 4,wrestlinginc.com,6
Class 4,wretch.cc,8
Class 4,writersdigest.com,5
Class 4,wroclaw.pl,3
Class 4,wsaz.com,8
Class 4,wsbt.com,24
Class 4,wsbtv.com,1
Class 4,wset.com,25
Class 4,wsfa.com,10
Class 4,wsoctv.com,1
Class 4,wsup.ai,7
Class 4,wsvn.com,25
Class 4,wsws.org,1
Class 4,wtatennis.com,7
Class 4,wuolah.com,13
Class 4,wvlt.tv,6
Class 4,wwe.com,8
Class 4,wweek.com,12
Class 4,wwmt.com,23
Class 4,wzstats.gg,9
Class 4,x2twitter.com,11
Class 4,xataka.com,9
Class 4,xataka.com.br,9
Class 4,xataka.com.mx,12
Class 4,xatakamovil.com,15
Class 4,xbitlabs.com,14
Class 4,xboxdynasty.de,1
Class 4,xboxygen.com,6
Class 4,xe.gr,10
Class 4,xemlicham.com,38
Class 4,xenkzone.com,20
Class 4,xenospectrum.com,42
Class 4,xeu.mx,35
Class 4,xiaomitime.com,7
Class 4,xirsys.com,1
Class 4,xivmodarchive.com,8
Class 4,xmladsystem.com,4
Class 4,xn--10-yg4a1a3kyh.jp,40
Class 4,xn--n9jvd7d3d0ad5cwnpcu694dohxad89g.com,20
Class 4,xn--pckua2c4hla2f9421e4lya.com,29
Class 4,xnview.com,11
Class 4,xoso.com.vn,34
Class 4,xosothantai.mobi,22
Class 4,xskt.com.vn,52
Class 4,xsmn.mobi,33
Class 4,xspay.net,5
Class 4,yably.co.uk,1
Class 4,yad.com,22
Class 4,yahoo.co.uk,8
Class 4,yahoo.com,7
Class 4,yahoo.com.tw,10
Class 4,yahoo.de,8
Class 4,yahoo.fr,8
Class 4,yahoo.net,8
Class 4,yahooapis.com,1
Class 4,yakimaherald.com,13
Class 4,yam.com,15
Class 4,yamareco.com,20
Class 4,yampiz.com,14
Class 4,yapigames.com,27
Class 4,yapo.cl,17
Class 4,yardbarker.com,17
Class 4,yaytext.com,10
Class 4,ycharts.com,1
Class 4,yemen-press.net,36
Class 4,yeniakit.com.tr,15
Class 4,yenicaggazetesi.com,7
Class 4,ygoprodeck.com,20
Class 4,yiv.com,31
Class 4,ynet.co.il,24
Class 4,ynetnews.com,19
Class 4,yof.com,30
Class 4,yomiuri.co.jp,34
Class 4,yomuno.jp,20
Class 4,yopmail.com,24
Class 4,yorozoonews.jp,23
Class 4,yosin-tv.net,47
Class 4,you1news.com,55
Class 4,youbianku.com,22
Class 4,youglish.com,29
Class 4,youm7.com,24
Class 4,young-machine.com,35
Class 4,yourdictionary.com,20
Class 4,yourstory.com,11
Class 4,yourtango.com,19
Class 4,youtest.me,5
Class 4,youtube-thumbnail-grabber.com,21
Class 4,youtubetotranscript.com,4
Class 4,ysscores.com,10
Class 4,ytv.co.jp,16
Class 4,yucatan.com.mx,16
Class 4,yugioh-wiki.net,18
Class 4,yugipedia.com,2
Class 4,yupptv.com,8
Class 4,yusercontent.com,8
Class 4,zabasearch.com,7
Class 4,zaobao.com,13
Class 4,zaobao.com.sg,20
Class 4,zappit.gr,5
Class 4,zarpanews.gr,22
Class 4,zatsuneta.com,28
Class 4,zaxid.net,7
Class 4,zdnet.fr,1
Class 4,zebratests.com,27
Class 4,zedge.net,8
Class 4,zee5.com,10
Class 4,zeelandnet.nl,1
Class 4,zekamashi.net,34
Class 4,zencamcloud.com,5
Class 4,zerochan.net,10
Class 4,zerohedge.com,12
Class 4,zerozero.pt,25
Class 4,zexoads.com,13
Class 4,zhenhunxiaoshuo.com,16
Class 4,ziaruldeiasi.ro,10
Class 4,zigwheels.com,8
Class 4,zistop.com,21
Class 4,zivotvcesku.cz,12
Class 4,zkillboard.com,15
Class 4,zloteprzeboje.pl,14
Class 4,zmenu.com,1
Class 4,zn.ua,6
Class 4,znaj.ua,22
Class 4,zodiacsign.com,11
Class 4,zona-militar.com,13
Class 4,zone-turf.fr,6
Class 4,zoom.com.br,9
Class 4,zophar.net,12
Class 4,zougla.gr,23
Class 4,zoznam.sk,20
Class 4,zr.ru,9
Class 4,zum.com,36
Class 4,zupimages.net,2
Class 5,12onyourside.com,6
Class 5,1a-1791.com,1
Class 5,1stdibs.com,8
Class 5,1x.com,3
Class 5,247sports.com,13
Class 5,365ofertas.com,19
Class 5,3lift.com,1
Class 5,411.com,5
Class 5,42gears.com,1
Class 5,4fizjo.pl,2
Class 5,6sense.com,1
Class 5,9minecraft.net,22
Class 5,aachho.com,1
Class 5,abanca.com,5
Class 5,abduzeedo.com,20
Class 5,academicearth.org,2
Class 5,academy.com,2
Class 5,accentuate.io,2
Class 5,accordiespartiti.it,5
Class 5,achievers.com,3
Class 5,acima.com,3
Class 5,acmilan.com,8
Class 5,acog.org,12
Class 5,acordacidade.com.br,23
Class 5,active24.sk,2
Class 5,adjust.io,1
Class 5,admiralmarkets.com,1
Class 5,adthrive.com,2
Class 5,adventist.org,2
Class 5,aenor.com,4
Class 5,aeoncinema.com,4
Class 5,agasobanuyenow.com,3
Class 5,agriculture.com,6
Class 5,aim.com,8
Class 5,aiononline.com,2
Class 5,aircanada.ca,2
Class 5,aisleplanner.com,8
Class 5,ajc.com,18
Class 5,akcniceny.cz,12
Class 5,aktualne.cz,9
Class 5,aldi-nord.de,2
Class 5,aldi.fr,2
Class 5,alhambra-patronato.es,1
Class 5,alienwarearena.com,3
Class 5,alison.com,14
Class 5,allas.se,7
Class 5,allfoodboard.com,51
Class 5,allhiphop.com,20
Class 5,allrecipes.com,12
Class 5,alltrails.com,1
Class 5,alpinetrek.co.uk,3
Class 5,altisport.cz,3
Class 5,altium.com,1
Class 5,altroconsumo.it,2
Class 5,altushost.com,2
Class 5,americangirl.com,4
Class 5,anantara.com,1
Class 5,androidpolice.com,21
Class 5,andzela.com,1
Class 5,anycubic.com,2
Class 5,aol.ca,8
Class 5,aol.co.uk,7
Class 5,aol.com,7
Class 5,aol.de,12
Class 5,aosulife.com,1
Class 5,apetitonline.cz,10
Class 5,api.org,2
Class 5,apkpure.net,18
Class 5,appily.com,2
Class 5,applitrack.com,4
Class 5,appodeal.com,2
Class 5,apsiyon.com,3
Class 5,arabbank.com.jo,3
Class 5,arabbank.jo,3
Class 5,arcadis.com,1
Class 5,archdaily.com,4
Class 5,architonic.com,3
Class 5,arede.info,23
Class 5,arenasport.com,1
Class 5,arinc.net,3
Class 5,arkoselabs.com,2
Class 5,armani.com,5
Class 5,artificialintelligence-news.com,12
Class 5,arvixe.com,1
Class 5,asahq.org,12
Class 5,ashampoo.com,1
Class 5,asicentral.com,4
Class 5,asq.org,5
Class 5,astronomy.com,13
Class 5,atrapalo.com,3
Class 5,atribuna.com.br,11
Class 5,auanet.org,13
Class 5,audima.co,5
Class 5,audioscrobbler.com,1
Class 5,august.com,3
Class 5,auktionshuset.dk,1
Class 5,aus.com,2
Class 5,ausa.org,1
Class 5,autojournal.cz,9
Class 5,automationdirect.com,1
Class 5,avanihotels.com,1
Class 5,avant.com,3
Class 5,avasflowers.net,2
Class 5,avery.com,2
Class 5,avis.com,2
Class 5,awin.com,3
Class 5,awin1.com,3
Class 5,ayahealthcare.com,2
Class 5,baby-walz.de,1
Class 5,bandlab.com,1
Class 5,banggood.com,13
Class 5,bankleumi.co.il,1
Class 5,banrep.gov.co,2
Class 5,bape.com,2
Class 5,barenecessities.com,2
Class 5,bas-ip.com,1
Class 5,baur.de,2
Class 5,bee.com,16
Class 5,beefree.io,2
Class 5,behr.com,4
Class 5,belfasttelegraph.co.uk,18
Class 5,bellinghamherald.com,21
Class 5,berg-freunde.at,3
Class 5,bergfreunde.de,2
Class 5,bergfreunde.eu,2
Class 5,bergfreunde.nl,2
Class 5,bernerzeitung.ch,7
Class 5,bestmoney.com,2
Class 5,bet.com,3
Class 5,bhaskar.com,10
Class 5,bhg.com,14
Class 5,bidmachine.io,2
Class 5,bigo.tv,3
Class 5,bigolive.tv,3
Class 5,bigrock.com,1
Class 5,bilbasen.dk,16
Class 5,bilky.es,3
Class 5,billyj.com.au,2
Class 5,binance.us,3
Class 5,biomedcentral.com,2
Class 5,blackplanet.com,2
Class 5,bleacherreport.com,6
Class 5,blfabric.com,2
Class 5,blis.com,1
Class 5,bloomchic.com,3
Class 5,bloxd.io,5
Class 5,bluebillywig.com,1
Class 5,bluecross.org.uk,2
Class 5,bluedot.io,3
Class 5,bluesip.net,1
Class 5,bnd.com,16
Class 5,bobvila.com,14
Class 5,bodylab24.de,1
Class 5,bokepking.cam,3
Class 5,bookbrowse.com,2
Class 5,booking.cn,16
Class 5,booking.com,5
Class 5,boozt.com,2
Class 5,bossip.com,41
Class 5,botb.com,6
Class 5,bpifrance-creation.fr,3
Class 5,bradenton.com,12
Class 5,brazzers.xxx,2
Class 5,breakthrought1d.org,2
Class 5,breal.net,1
Class 5,brettspielnetz.de,4
Class 5,brides.com,17
Class 5,brightpattern.com,2
Class 5,brooksrunning.com,1
Class 5,budget.com,1
Class 5,bugcrowd.com,2
Class 5,builditapp.com,5
Class 5,bulksupplements.com,1
Class 5,byrdie.com,34
Class 5,byteplus.com,3
Class 5,byuh.edu,1
Class 5,cafemedia.com,2
Class 5,caiwik.com,1
Class 5,caixabank.es,2
Class 5,car.org,13
Class 5,carbuzz.com,12
Class 5,carinfo.app,2
Class 5,carpisa.it,2
Class 5,casacourses.com,25
Class 5,cashconverters.co.uk,3
Class 5,castingcall.club,1
Class 5,catherines.com,4
Class 5,cbinsights.com,1
Class 5,cboe.com,2
Class 5,cbs.com,1
Class 5,cbslocal.com,6
Class 5,cbsnews.com,13
Class 5,cbssports.com,12
Class 5,cel.ro,2
Class 5,cengage.com,1
Class 5,centredaily.com,11
Class 5,centris.ca,6
Class 5,centrum.cz,13
Class 5,certum.pl,2
Class 5,cgos.info,2
Class 5,channel24bd.tv,17
Class 5,charlotteobserver.com,14
Class 5,checkout-ds24.com,2
Class 5,chessable.com,1
Class 5,chilis.com,1
Class 5,chitubox.com,2
Class 5,chl.ca,10
Class 5,churnzero.net,2
Class 5,cibeg.com,3
Class 5,cine-max.sk,2
Class 5,cira.ca,4
Class 5,citizen.co.za,33
Class 5,citizenwatch.com,6
Class 5,citybeach.com,2
Class 5,claconnect.com,4
Class 5,clara.es,2
Class 5,clarivate.com,3
Class 5,classaction.org,2
Class 5,clearancejobs.com,8
Class 5,clearcover.com,1
Class 5,clearsale.com.br,2
Class 5,clevguard.com,1
Class 5,clickcease.com,1
Class 5,climaterealityproject.org,3
Class 5,cliphubs.com,3
Class 5,closermag.fr,4
Class 5,cloudinary.com,1
Class 5,cloudtalk.io,2
Class 5,clubeo.com,2
Class 5,cnn.com,24
Class 5,cnx.org,1
Class 5,cochranelibrary.com,1
Class 5,cocolita.pl,4
Class 5,cod.edu,6
Class 5,cofares.es,1
Class 5,cofc.edu,1
Class 5,collegefactual.com,18
Class 5,collider.com,18
Class 5,colorado.com,1
Class 5,columbia.com,4
Class 5,competitor.com,1
Class 5,completesports.com,2
Class 5,complex.com,1
Class 5,complyauto.com,1
Class 5,comprerural.com,17
Class 5,comsoc.org,3
Class 5,concacaf.com,5
Class 5,conduent.com,3
Class 5,conference-board.org,3
Class 5,conjuguemos.com,6
Class 5,constant.com,3
Class 5,constitution.org,17
Class 5,continente.pt,3
Class 5,cookingchanneltv.com,13
Class 5,cookinglight.com,10
Class 5,cookist.it,4
Class 5,coolblue.nl,3
Class 5,cordial.com,1
Class 5,cordial.io,1
Class 5,correiodeminas.com.br,18
Class 5,correiodopovo.com.br,9
Class 5,corsair.com,2
Class 5,costar.com,7
Class 5,costco.com.mx,2
Class 5,cpfl.com.br,10
Class 5,craftsy.com,10
Class 5,craneco.com,1
Class 5,crazy-factory.com,2
Class 5,crazygames.com,9
Class 5,crimeworld.com,14
Class 5,csfd.cz,2
Class 5,ctejidas.co,29
Class 5,ctrls.in,2
Class 5,cuerpomente.com,4
Class 5,cultbeauty.co.uk,4
Class 5,cultbeauty.com,4
Class 5,cultofmac.com,27
Class 5,culturepsg.com,9
Class 5,cupshe.com,1
Class 5,curiositystream.com,2
Class 5,cyberark.com,2
Class 5,cybernewhub.com,14
Class 5,cybex-online.com,1
Class 5,cycleworld.com,15
Class 5,dafiti.com.br,6
Class 5,dahuasecurity.com,3
Class 5,dailypaws.com,20
Class 5,dailysabah.com,14
Class 5,dat.com,2
Class 5,databazeknih.cz,23
Class 5,datasite.com,1
Class 5,davidbowie.com,4
Class 5,davidyurman.com,19
Class 5,dba.dk,14
Class 5,ddpcshares.com,1
Class 5,deadbydaylight.com,1
Class 5,defenceweb.co.za,13
Class 5,deltacommerce.com,1
Class 5,deltafaucet.com,1
Class 5,denikn.cz,13
Class 5,depauw.edu,2
Class 5,deque.com,1
Class 5,derbund.ch,5
Class 5,dermstore.com,3
Class 5,desicinemas.pk,3
Class 5,destinia.com,7
Class 5,dfbnet.org,8
Class 5,dhgate.com,2
Class 5,dhl24.com.pl,4
Class 5,diadora.com,6
Class 5,diag.pl,2
Class 5,diaridetarragona.com,8
Class 5,diariodepernambuco.com.br,14
Class 5,diariodopeixe.com.br,9
Class 5,dickblick.com,2
Class 5,digilent.com,2
Class 5,digistore24-app.com,2
Class 5,digistore24.com,2
Class 5,dikgames.com,3
Class 5,diki.pl,1
Class 5,dillards.com,1
Class 5,discoverlosangeles.com,16
Class 5,discoveryuk.com,20
Class 5,distrokid.com,3
Class 5,divyabhaskar.co.in,9
Class 5,dixiefashion.com,1
Class 5,dizionario-latino.com,22
Class 5,dji.com,1
Class 5,dn.no,6
Class 5,dnsfilter.com,5
Class 5,docebo.com,2
Class 5,docplanner.com,2
Class 5,doctor.com,4
Class 5,dodge.com,2
Class 5,dol.com.br,47
Class 5,domino.com,12
Class 5,dooney.com,1
Class 5,doorloop.com,1
Class 5,dowjones.com,2
Class 5,dozaanimata.net,1
Class 5,drift.co,1
Class 5,dropbox.tech,2
Class 5,dropcam.com,2
Class 5,du-just-link.com,1
Class 5,dualshockers.com,31
Class 5,dunkinbrands.com,1
Class 5,duproprio.com,14
Class 5,dusit.com,5
Class 5,e-personam.com,2
Class 5,easyspirit.com,2
Class 5,eatingwell.com,25
Class 5,ecb.co.uk,10
Class 5,ecco.com,3
Class 5,echo24.cz,16
Class 5,eco-mx.cz,9
Class 5,ecobank.com,4
Class 5,ecomputer.es,1
Class 5,ed2go.com,1
Class 5,edc.dk,4
Class 5,edenbrothers.com,2
Class 5,edenviaggi.it,10
Class 5,edna.cz,19
Class 5,edrawsoft.com,3
Class 5,eepurl.com,1
Class 5,eero.com,3
Class 5,eevblog.com,10
Class 5,efipay.com.br,2
Class 5,egov.com,2
Class 5,electrodepot.be,1
Class 5,elegoo.com,1
Class 5,elevateapp.com,2
Class 5,elgato.com,1
Class 5,eljooker.com,3
Class 5,elle.se,11
Class 5,elma365.ru,1
Class 5,elnuevoherald.com,18
Class 5,eloquii.com,2
Class 5,elplacerdelalectura.com,25
Class 5,eltngl.com,2
Class 5,eluniversal.com.mx,29
Class 5,em.com.br,10
Class 5,emag.net,1
Class 5,emag.ro,6
Class 5,embopress.org,2
Class 5,emerson.com,1
Class 5,emimino.cz,16
Class 5,engineering.com,6
Class 5,engoo.com,2
Class 5,ensighten.com,3
Class 5,entree.nu,2
Class 5,envysion.com,3
Class 5,enzahome.com.tr,2
Class 5,epiesa.ro,1
Class 5,eprice.it,3
Class 5,equitable.com,5
Class 5,esl.com,2
Class 5,eslgaming.com,2
Class 5,esped.com,5
Class 5,espol.edu.ec,1
Class 5,espreso.co.rs,19
Class 5,estranky.sk,1
Class 5,etonline.com,13
Class 5,ets.org,2
Class 5,eurohoops.net,19
Class 5,eurordis.org,1
Class 5,eurosport.com,5
Class 5,eurosport.de,9
Class 5,eurosport.es,11
Class 5,eurosport.fr,8
Class 5,eurosport.hu,9
Class 5,eurosport.it,5
Class 5,eurosport.nl,9
Class 5,eurosport.ro,6
Class 5,ev5.ai,4
Class 5,even3.com.br,1
Class 5,eventzilla.net,1
Class 5,everstake.one,1
Class 5,evolutio.es,1
Class 5,ew.com,22
Class 5,ewn.co.za,2
Class 5,examsoft.com,1
Class 5,exlibrisgroup.com,3
Class 5,exploretock.com,1
Class 5,express.com,1
Class 5,extra.cz,13
Class 5,extratv.com,4
Class 5,eyemedvisioncare.com,1
Class 5,facio.com,2
Class 5,facio.com.br,2
Class 5,familyisland.games,2
Class 5,fanatical.com,1
Class 5,fanpage.it,3
Class 5,faphouse.tv,1
Class 5,faphouse1.com,1
Class 5,faphouse2.com,1
Class 5,faphouse4k.com,1
Class 5,farrow-ball.com,2
Class 5,fazi.rs,2
Class 5,fc-moto.de,3
Class 5,fcmobileforum.com,14
Class 5,federalnewsnetwork.com,17
Class 5,feishu.cn,2
Class 5,festivalear.com,27
Class 5,fextralife.com,21
Class 5,fhgte.com,1
Class 5,fieldroutes.com,1
Class 5,fiercepharma.com,3
Class 5,fiercewireless.com,12
Class 5,filae.com,2
Class 5,filma24.stream,4
Class 5,find-us-here.com,34
Class 5,finestresullarte.info,21
Class 5,fintechreach.com,4
Class 5,firewalla.com,3
Class 5,fitbit.com,2
Class 5,fixmyspeakers.com,16
Class 5,flagstar.com,1
Class 5,flighthub.com,1
Class 5,flip.it,1
Class 5,flipboard.com,1
Class 5,flyadeal.com,2
Class 5,fnfgo.com,25
Class 5,fold3.com,6
Class 5,foodandwine.com,24
Class 5,foodnetwork.co.uk,23
Class 5,foodnetwork.com,9
Class 5,footballfancast.com,12
Class 5,format.com,2
Class 5,formstack.com,1
Class 5,frame.io,3
Class 5,frame.work,2
Class 5,francebleu.fr,3
Class 5,freecreditkarmatax.com,2
Class 5,freedomforum.org,3
Class 5,freelists.org,16
Class 5,fresnobee.com,18
Class 5,fromjapan.co.jp,4
Class 5,frontlineeducation.com,4
Class 5,ft.com,16
Class 5,funeral-notices.co.uk,1
Class 5,funko.com,3
Class 5,futbolred.com,16
Class 5,futurism.com,9
Class 5,gamefly.com,4
Class 5,gamescom.global,3
Class 5,gamesnacks.com,20
Class 5,gamingbible.com,8
Class 5,gamma.be,2
Class 5,gamma.nl,2
Class 5,gapinc.com,1
Class 5,geekbuying.com,1
Class 5,geekwire.com,10
Class 5,gemini.pl,1
Class 5,genealogy.com,1
Class 5,generadordeprecios.info,5
Class 5,genomeweb.com,8
Class 5,geopop.it,17
Class 5,get-just-api.com,1
Class 5,getpublica.com,1
Class 5,getresponse.com,1
Class 5,gianttiger.com,1
Class 5,gibson.com,1
Class 5,ginger.io,1
Class 5,ginnys.com,1
Class 5,givemesport.com,17
Class 5,givesmart.com,1
Class 5,globalforestwatch.org,1
Class 5,globalnews.ca,19
Class 5,globaltv.com,6
Class 5,gold.org,2
Class 5,goldin.co,1
Class 5,golfdigest.com,10
Class 5,goodinfo.tw,48
Class 5,gostudent.org,2
Class 5,govplus.com,2
Class 5,gpsvisualizer.com,22
Class 5,grafana.com,1
Class 5,grafana.net,1
Class 5,grafana.org,1
Class 5,graniph.com,1
Class 5,greatminds.org,1
Class 5,greyhound.com,2
Class 5,gtlconnect.com,8
Class 5,guardianlife.com,1
Class 5,guidemusulman.com,21
Class 5,guinnessworldrecords.com,3
Class 5,guitarcenter.com,2
Class 5,gumtree.co.za,30
Class 5,guruwalk.com,2
Class 5,gva.be,14
Class 5,gwu.edu,2
Class 5,hachettebookgroup.com,3
Class 5,hackerone.com,2
Class 5,haifa.ac.il,12
Class 5,hallmark.com,1
Class 5,hands.com.br,2
Class 5,hannover.de,5
Class 5,hawksearch.com,1
Class 5,hbfuller.com,1
Class 5,hbvl.be,10
Class 5,hdmovieverse.co.in,3
Class 5,hdmp4mania2.com,3
Class 5,headandshoulders.com,2
Class 5,health.com,23
Class 5,healthtian.com,8
Class 5,heavy.com,5
Class 5,hec.edu,2
Class 5,heraldonline.com,16
Class 5,herrschners.com,1
Class 5,heureka.cz,5
Class 5,highspot.com,2
Class 5,hiltongrandvacations.com,2
Class 5,hirevue.com,1
Class 5,historicalpoint.com,3
Class 5,history.co.uk,1
Class 5,historylearningsite.co.uk,22
Class 5,hitman.io,2
Class 5,hm.com.br,2
Class 5,hofer-reisen.at,1
Class 5,hokej.cz,14
Class 5,holafly.com,1
Class 5,holotaco.com,1
Class 5,hometownlocator.com,1
Class 5,hondanews.com,1
Class 5,honeywell.com,1
Class 5,hopper.com,1
Class 5,horizonhobby.com,3
Class 5,hostgator.com,2
Class 5,hostgator.in,1
Class 5,hosting.international,2
Class 5,hotcars.com,12
Class 5,houseoffun.com,1
Class 5,howtogeek.com,19
Class 5,howtopronounce.com,12
Class 5,hungarytoday.hu,2
Class 5,hvg.hu,24
Class 5,hyprmx.com,1
Class 5,hyundaicanada.com,1
Class 5,iberiaexpress.com,2
Class 5,ibs.it,4
Class 5,icanw.org,3
Class 5,ice.com,1
Class 5,iconarchive.com,11
Class 5,idahostatesman.com,8
Class 5,idealo.de,1
Class 5,idos.cz,9
Class 5,ieee.org,5
Class 5,iex.nl,4
Class 5,iheart.com,1
Class 5,iifl.com,3
Class 5,iii.org,16
Class 5,iit.edu,9
Class 5,iium.edu.my,2
Class 5,iloveimg.com,3
Class 5,ilovepdf.com,3
Class 5,imou.com,6
Class 5,imoulife.com,6
Class 5,imyfone.com,4
Class 5,in-pocasi.cz,15
Class 5,indiatyping.com,59
Class 5,influenceimmo.com,23
Class 5,infogr.am,1
Class 5,infogram.com,1
Class 5,infostud.com,2
Class 5,infusionsoft.com,1
Class 5,insideedition.com,7
Class 5,inspire.com,5
Class 5,inspirebrands.com,1
Class 5,instawork.com,2
Class 5,instructure.com,1
Class 5,instructuremedia.com,2
Class 5,instyle.com,12
Class 5,instyle.es,2
Class 5,insuit.net,1
Class 5,integralads.com,1
Class 5,intellicast.com,6
Class 5,intercontinental.com,2
Class 5,interdominios.com,2
Class 5,intuit.com,1
Class 5,investopedia.com,10
Class 5,invisalign.in,3
Class 5,inyourarea.co.uk,4
Class 5,iog.io,2
Class 5,ioi.dk,2
Class 5,ipage.com,1
Class 5,iprima.cz,4
Class 5,ipvanish.com,2
Class 5,iq.com,9
Class 5,irondns.net,1
Class 5,islandpacket.com,14
Class 5,it.com,1
Class 5,itnews.com.au,14
Class 5,jackofalltradespartyofnone.art,3
Class 5,jaf.or.jp,12
Class 5,jd-sports.com.au,4
Class 5,jdrf.org,4
Class 5,jeep.com,1
Class 5,jestful.net,3
Class 5,jetsmart.com,3
Class 5,jetstack.io,2
Class 5,jibjab.com,3
Class 5,jmbullion.com,3
Class 5,join.me,5
Class 5,joinroot.com,6
Class 5,jolly.me,2
Class 5,joomla.com,1
Class 5,jornalopcao.com.br,17
Class 5,joybuy.com,2
Class 5,jpay.com,1
Class 5,jpnn.com,11
Class 5,juridicas.com,1
Class 5,justfly.com,5
Class 5,justpark.com,4
Class 5,justthenews.com,10
Class 5,k-way.com,2
Class 5,kamababa.cam,3
Class 5,kansas.com,17
Class 5,kansascity.com,15
Class 5,karwei.nl,2
Class 5,kbtx.com,11
Class 5,kcbd.com,9
Class 5,kcet.org,7
Class 5,keap.com,1
Class 5,keepvid.com,3
Class 5,keliweb.com,2
Class 5,kentucky.com,14
Class 5,kentuckyderby.com,6
Class 5,kerrang.com,11
Class 5,kingsize.com,3
Class 5,kinsta.com,1
Class 5,kirannewsagency.com,3
Class 5,kiwisizing.com,1
Class 5,kiyoh.com,1
Class 5,kktv.com,10
Class 5,kltv.com,11
Class 5,kolotv.com,11
Class 5,kosargyi.com,3
Class 5,kurtgeiger.com,1
Class 5,kwtx.com,11
Class 5,kyivpost.com,4
Class 5,kyocera.com,3
Class 5,kyodonews.net,1
Class 5,lacaixa.es,2
Class 5,lafeltrinelli.it,4
Class 5,lameteoagricole.net,6
Class 5,langehair.com,2
Class 5,langshop.app,3
Class 5,lansweeper.com,1
Class 5,laposte.net,3
Class 5,laprovinciacr.it,3
Class 5,lasestrellas.tv,10
Class 5,last.fm,5
Class 5,lawgazette.co.uk,11
Class 5,lawsociety.org.uk,9
Class 5,leadinfo.com,2
Class 5,leadoo.com,3
Class 5,learndash.com,1
Class 5,learnplatform.com,2
Class 5,learnreligions.com,16
Class 5,lechange.cn,6
Class 5,lecturas.com,4
Class 5,ledger-enquirer.com,14
Class 5,leedsunited.com,2
Class 5,leggimenu.it,3
Class 5,lenntech.com,1
Class 5,lepetitjournal.com,4
Class 5,letour.fr,8
Class 5,leumi.co.il,1
Class 5,lever.co,3
Class 5,lex.pl,6
Class 5,lexus.com,1
Class 5,libraccio.it,4
Class 5,life-global.org,2
Class 5,lifeandstylemag.com,37
Class 5,lifee.cz,18
Class 5,lifehacker.com,49
Class 5,lifesight.io,2
Class 5,lifewire.com,16
Class 5,lilysilk.com,1
Class 5,lineadirecta.com,1
Class 5,linode.com,1
Class 5,liquibase.com,1
Class 5,liquidweb.com,1
Class 5,liquor.com,17
Class 5,liveabout.com,18
Class 5,liverpoolfc.com,9
Class 5,liwest.at,3
Class 5,local10.com,2
Class 5,loewshotels.com,2
Class 5,loft.com.br,5
Class 5,logdna.com,3
Class 5,lookfantastic.com,3
Class 5,loopreturns.com,1
Class 5,lotopolonia.com,10
Class 5,lottolyzer.com,4
Class 5,loungefly.com,4
Class 5,lovingsiren.com,3
Class 5,lpga.com,13
Class 5,luiss.it,1
Class 5,lustprime.xyz,3
Class 5,luxtimes.lu,12
Class 5,lytx.com,1
Class 5,m-files.com,2
Class 5,macon.com,15
Class 5,macstoreonline.com.mx,3
Class 5,madamenoire.com,16
Class 5,madametussauds.com,4
Class 5,madesa.com,3
Class 5,mafra.cz,1
Class 5,magazines.com,4
Class 5,magicneedles.in,2
Class 5,mailchi.mp,1
Class 5,mailchimp.com,1
Class 5,mailchimpsites.com,1
Class 5,makemusic.com,2
Class 5,makerbot.com,2
Class 5,makeuseof.com,30
Class 5,manatt.com,1
Class 5,mandalascrubs.com,3
Class 5,mangoanimate.com,1
Class 5,manpowergroup.com,1
Class 5,manpowerjobnet.com,11
Class 5,mantel.com,1
Class 5,manulife.ca,2
Class 5,manutd.com,9
Class 5,maregionsud.fr,1
Class 5,marelepescar.ro,2
Class 5,marianne.cz,13
Class 5,mariefrance.fr,9
Class 5,mariquitatrasquila.com,2
Class 5,marketbeat.com,21
Class 5,marksandspencer.com,2
Class 5,marsh.com,1
Class 5,marthastewart.com,14
Class 5,marykay.com,1
Class 5,matillion.com,1
Class 5,mattermost.com,1
Class 5,mba.com,15
Class 5,mcafee.com,7
Class 5,mcclatchydc.com,11
Class 5,mcdonalds.pl,1
Class 5,media.io,3
Class 5,medpagetoday.com,18
Class 5,meetflo.com,1
Class 5,menafn.com,6
Class 5,meteocentrum.cz,14
Class 5,metric-conversions.org,23
Class 5,mezmo.com,3
Class 5,mgronline.com,27
Class 5,miami.com,7
Class 5,miamiherald.com,17
Class 5,michaelkors.eu,2
Class 5,michaelkors.global,2
Class 5,michaelkors.it,2
Class 5,midwestliving.com,16
Class 5,miles-mobility.com,1
Class 5,milwaukeetool.eu,1
Class 5,mindbodyonline.com,3
Class 5,minhavida.com.br,11
Class 5,minorhotels.com,2
Class 5,mirakl.net,1
Class 5,misli.com,1
Class 5,mist.com,3
Class 5,miun.se,1
Class 5,mix.tokyo,2
Class 5,mixmag.net,25
Class 5,mkedit.in,59
Class 5,mnn.com,3
Class 5,modbee.com,13
Class 5,modellbau-berlinski.de,1
Class 5,modlily.com,2
Class 5,momcozy.com,5
Class 5,monarch.com,3
Class 5,monarchmoney.com,2
Class 5,money.co.uk,2
Class 5,monta.app,1
Class 5,moosend.com,2
Class 5,morgandetoi.fr,2
Class 5,moss.co.uk,4
Class 5,motelrocks.com,1
Class 5,motorsportnetwork.com,2
Class 5,moz.com,6
Class 5,msccruises.com,3
Class 5,msccruzeiros.com.br,2
Class 5,msmode.nl,1
Class 5,mtb.com,3
Class 5,mtn.co.ug,1
Class 5,muji.us,2
Class 5,murdoch.edu.au,2
Class 5,museumofplay.org,4
Class 5,musicarts.com,3
Class 5,musicmagpie.co.uk,3
Class 5,musictoday.com,1
Class 5,mybillie.com,2
Class 5,mycloud.com,2
Class 5,mycoinmaster.com,14
Class 5,mydesi.hair,3
Class 5,mydomaine.com,9
Class 5,mylearningplan.com,5
Class 5,myprotein.com,3
Class 5,myprotein.es,3
Class 5,myrecipes.com,8
Class 5,myrtlebeachonline.com,13
Class 5,nahdi.sa,1
Class 5,namethatpornad.com,3
Class 5,napavalleyregister.com,16
Class 5,nationalgeographic.com.es,4
Class 5,nationalgeographic.es,2
Class 5,natura.com,2
Class 5,nature.com,11
Class 5,nbc12.com,18
Class 5,ncaa.com,2
Class 5,ncsasports.org,3
Class 5,ndmais.com.br,11
Class 5,neerus.com,2
Class 5,nelson.nl,2
Class 5,nen.nl,1
Class 5,nest.com,2
Class 5,netflu.com.br,13
Class 5,netherrealm.com,1
Class 5,nethost.sk,1
Class 5,netplus.ch,2
Class 5,network.com.tr,1
Class 5,neurology.org,2
Class 5,neveitalia.it,19
Class 5,newark.com,3
Class 5,newbook.cloud,2
Class 5,newcastleunited.com,3
Class 5,news-gazette.com,17
Class 5,newseum.org,3
Class 5,newsnow.co.uk,12
Class 5,newsnow.com,10
Class 5,newsobserver.com,17
Class 5,newsone.com,44
Class 5,newspapers.com,3
Class 5,newsprostori.com,3
Class 5,newswitch.jp,2
Class 5,nexcess.net,1
Class 5,ngrok.com,1
Class 5,nhl.com,18
Class 5,nhle.com,15
Class 5,ni.com,1
Class 5,nieuwsblad.be,12
Class 5,nihaojewelry.com,2
Class 5,nike.com.pe,3
Class 5,ninewest.com,1
Class 5,ninjakitchen.co.uk,1
Class 5,nintex.com,1
Class 5,nixplay.com,3
Class 5,nkz.cz,12
Class 5,nooie.com,1
Class 5,nordace.com,4
Class 5,northbeam.io,1
Class 5,noticiasautomotivas.com.br,17
Class 5,nubiapage.com,5
Class 5,nuvei.com,4
Class 5,nuzle.pl,6
Class 5,nvcc.edu,1
Class 5,oanda.com,3
Class 5,obilet.com,2
Class 5,oceanstatejoblot.com,3
Class 5,ohsonline.com,15
Class 5,oigo.com,6
Class 5,oldmapsonline.org,4
Class 5,omadanetworks.com,2
Class 5,omodajaecoo.com.br,2
Class 5,omroepbrabant.nl,1
Class 5,on-running.com,1
Class 5,on.com,1
Class 5,one.store,1
Class 5,oneill.com,2
Class 5,onlajny.com,20
Class 5,online.nl,3
Class 5,onlinedoctranslator.com,20
Class 5,oomaal.in,3
Class 5,open.video,1
Class 5,openid.net,1
Class 5,opensearch.org,2
Class 5,opensesame.com,1
Class 5,openstax.org,1
Class 5,operabase.com,2
Class 5,oprah.com,4
Class 5,optica.org,8
Class 5,origamirisk.com,1
Class 5,osa.org,4
Class 5,osapublishing.org,4
Class 5,ost.ch,2
Class 5,otcmarkets.com,10
Class 5,outdoorlife.com,1
Class 5,owenscorning.com,2
Class 5,oxfamintermon.org,1
Class 5,pahe.ink,3
Class 5,pair.com,3
Class 5,palgrave.com,2
Class 5,panelinha.com.br,6
Class 5,paperpal.com,2
Class 5,parents.com,12
Class 5,parkmobile.io,2
Class 5,paybyphone.com,2
Class 5,paycor.com,3
Class 5,payjoy.com,1
Class 5,paytrace.com,1
Class 5,pbssocal.org,13
Class 5,pciconcursos.com.br,11
Class 5,pdfdrive.com,3
Class 5,pdfexpert.com,2
Class 5,pdsa.org.uk,3
Class 5,peakdesign.com,2
Class 5,peets.com,2
Class 5,pendrivelinux.com,14
Class 5,penfed.org,3
Class 5,penske.com,1
Class 5,people-press.org,1
Class 5,people.com,20
Class 5,peopleenespanol.com,11
Class 5,personalizationmall.com,1
Class 5,petinsurance.com,6
Class 5,pewforum.org,1
Class 5,pewinternet.org,1
Class 5,pewresearch.org,1
Class 5,pewsocialtrends.org,1
Class 5,phoneky.com,4
Class 5,phorest.com,1
Class 5,photobooth-io.cc,16
Class 5,picovr.com,2
Class 5,picoxr.com,5
Class 5,pinkblushmaternity.com,7
Class 5,pinnaclesys.com,1
Class 5,pitneybowes.com,2
Class 5,piwik.pro,1
Class 5,plantuml.com,8
Class 5,play-cricket.com,1
Class 5,player.pl,5
Class 5,plosone.org,1
Class 5,pocket-lint.com,11
Class 5,pocketfm.com,2
Class 5,pods.com,2
Class 5,podtrac.com,2
Class 5,pokernews.com,2
Class 5,poloclub.com,2
Class 5,polygon.com,23
Class 5,popsci.com,5
Class 5,pornhub.com,11
Class 5,pornhub.org,10
Class 5,portafolio.co,11
Class 5,portfolium.com,1
Class 5,portforward.com,1
Class 5,portlandmercury.com,9
Class 5,posthaus.com.br,3
Class 5,primaverasound.com,2
Class 5,princesspolly.com,1
Class 5,privy.com,2
Class 5,prodigy.net,9
Class 5,profitmetrics.io,2
Class 5,promofarma.com,12
Class 5,promptemr.com,2
Class 5,prontotour.com,4
Class 5,propensity-abm.com,3
Class 5,prowly.com,2
Class 5,prsa.org,8
Class 5,pubg.com,1
Class 5,publicgood.com,1
Class 5,pucrs.br,12
Class 5,pytorch.org,2
Class 5,qgenda.com,4
Class 5,qnx.com,1
Class 5,qualitrics.com,1
Class 5,qualtrics.com,3
Class 5,quic.cloud,1
Class 5,quicken.com,3
Class 5,qvc.de,2
Class 5,qvcuk.com,2
Class 5,rado.com,1
Class 5,rainierconnect.com,4
Class 5,ralphlauren.ch,1
Class 5,ramp.com,5
Class 5,rapidapi.com,3
Class 5,raytheon.com,2
Class 5,readdle.com,1
Class 5,realme.com,5
Class 5,realsimple.com,25
Class 5,recept.se,5
Class 5,recordedfuture.com,3
Class 5,redcanary.co,3
Class 5,redcross.org,2
Class 5,redecor.com,3
Class 5,redtube.com,9
Class 5,redtube.com.br,9
Class 5,redtube.net,9
Class 5,refinery89.com,2
Class 5,rentacenter.com,3
Class 5,renttherunway.com,2
Class 5,reolink.com,3
Class 5,reolink.us,3
Class 5,replika.com,1
Class 5,resdiary.com,1
Class 5,researcherid.com,3
Class 5,resellerclub.com,2
Class 5,reservations.com,5
Class 5,resi.io,1
Class 5,residencetrani.it,5
Class 5,resilia.shop,1
Class 5,restaurant.org,4
Class 5,reussir.fr,2
Class 5,revenuehunt.com,2
Class 5,revistainteriores.es,4
Class 5,rhs.org.uk,4
Class 5,rice.edu,2
Class 5,rieker-eshop.cz,2
Class 5,rina.org,2
Class 5,risevision.com,3
Class 5,riverisland.com,1
Class 5,riverside.com,5
Class 5,riverside.fm,5
Class 5,rmbl.ws,1
Class 5,roadie.com,2
Class 5,roamans.com,4
Class 5,rocketmiles.com,1
Class 5,rocketsoftware.com,2
Class 5,rockwellcollins.com,3
Class 5,roivenue.com,3
Class 5,rootsweb.com,3
Class 5,rosewoodhotels.com,1
Class 5,routeyou.com,6
Class 5,rtx.com,2
Class 5,rwlasvegas.com,2
Class 5,saamana.com,27
Class 5,sacbee.com,13
Class 5,sacnilk.com,12
Class 5,safecharge.com,4
Class 5,sakhalife.ru,20
Class 5,salonemilano.it,2
Class 5,samsungpay.com,6
Class 5,samsungsds.com,2
Class 5,sanasafinaz.com,2
Class 5,sandiegomagazine.com,11
Class 5,sanluisobispo.com,13
Class 5,saojoaofarmacias.com.br,2
Class 5,saranyahemanovels.com,12
Class 5,savingplaces.org,2
Class 5,savoriurbane.com,19
Class 5,savvas.com,2
Class 5,scale.com,4
Class 5,scamadviser.com,22
Class 5,sciam.com,7
Class 5,scientificamerican.com,11
Class 5,scoresandodds.com,3
Class 5,scrumalliance.org,10
Class 5,sdcard.org,1
Class 5,searchenginejournal.com,8
Class 5,searchspring.net,6
Class 5,securly.com,2
Class 5,seeking.com,2
Class 5,seguno.com,1
Class 5,self.inc,3
Class 5,sender.net,1
Class 5,sensibo.com,3
Class 5,sensorpush.com,3
Class 5,seriouseats.com,23
Class 5,servidor-dns.com,1
Class 5,servsafe.com,1
Class 5,seventhavenue.com,1
Class 5,sexarab.pro,3
Class 5,sexaraby.to,3
Class 5,shahedpro.com,3
Class 5,shape.com,31
Class 5,shapr3d.com,2
Class 5,sharecare.com,3
Class 5,shemale6.com,3
Class 5,sheplers.com,2
Class 5,shiphero.com,1
Class 5,shopcircle.co,2
Class 5,short.gy,1
Class 5,shortform.com,2
Class 5,silabs.com,1
Class 5,simpleflying.com,13
Class 5,simply.com,1
Class 5,simplybuilder.io,1
Class 5,simplyrecipes.com,28
Class 5,sina.com.hk,3
Class 5,sinsitio.site,3
Class 5,sintef.no,1
Class 5,sisense.com,1
Class 5,site5.com,1
Class 5,sitewit.com,1
Class 5,sittercity.com,2
Class 5,sju.edu,6
Class 5,skiplagged.com,2
Class 5,skylum.com,3
Class 5,skysports.com,14
Class 5,slazenger.com.tr,2
Class 5,smaprendizaje.com,1
Class 5,smartcredit.com,3
Class 5,smartetailing.net,1
Class 5,smartmoney.com,2
Class 5,smartpassiveincome.com,3
Class 5,smartphonehoesjes.nl,1
Class 5,smoothr.de,2
Class 5,softsurroundings.com,2
Class 5,softswiss.com,2
Class 5,soldejaneiro.com,3
Class 5,sompo-japan.co.jp,9
Class 5,sonataplatform.com,1
Class 5,sony-asia.com,2
Class 5,soompi.com,5
Class 5,sound-machine.com,2
Class 5,soundtrap.com,1
Class 5,southernliving.com,24
Class 5,southpark.lat,3
Class 5,southparkstudios.com,5
Class 5,sparkmailapp.com,2
Class 5,spectator.co.uk,15
Class 5,spectator.com,21
Class 5,speedo.com,1
Class 5,spline.design,2
Class 5,spond.com,4
Class 5,sportbible.com,1
Class 5,sportsline.com,6
Class 5,sportyfied.com,2
Class 5,spoton.com,1
Class 5,springeropen.com,2
Class 5,sqr.nl,1
Class 5,staffingindustry.com,5
Class 5,standaard.be,13
Class 5,stanley1913.com.br,3
Class 5,star-telegram.com,15
Class 5,startquestion.com,2
Class 5,statenational.com,2
Class 5,stayntouch.com,1
Class 5,stedwards.edu,1
Class 5,stojimezaprezidentem.cz,2
Class 5,stokourbeti.online,1
Class 5,stv.tv,2
Class 5,sudoku.com,14
Class 5,suhrkamp.de,1
Class 5,sunherald.com,9
Class 5,sunrun.com,2
Class 5,superboletos.com,1
Class 5,svenskdam.se,6
Class 5,swapcard.com,3
Class 5,swapfone.org,3
Class 5,sweetgreen.com,1
Class 5,switchboard.com,3
Class 5,swsoft.com,1
Class 5,symplr.com,1
Class 5,synaptics.com,2
Class 5,szallas.hu,6
Class 5,tagesanzeiger.ch,8
Class 5,tamilpadalvarigal.com,3
Class 5,tap.bio,1
Class 5,target2sell.com,1
Class 5,taskandpurpose.com,4
Class 5,tatilbudur.com,1
Class 5,taxdome.com,1
Class 5,taxjar.com,2
Class 5,tdwi.org,7
Class 5,teamblind.com,3
Class 5,teamsnap.com,1
Class 5,teamtailor.com,2
Class 5,teamusa.com,12
Class 5,teamusa.org,4
Class 5,techstars.com,1
Class 5,tecsox.com,2
Class 5,televisa.com,8
Class 5,tempatbokep.com,3
Class 5,templateblackscreen.in,3
Class 5,tenutavaldorso.it,7
Class 5,terasacucarti.com,3
Class 5,tessiland.com,2
Class 5,testberichte.de,4
Class 5,tfl.gov.uk,8
Class 5,the-race.com,9
Class 5,theatlantic.com,23
Class 5,thebalance.com,10
Class 5,thebalancecareers.com,10
Class 5,thebalancemoney.com,23
Class 5,thebalancesmb.com,13
Class 5,theblaze.com,3
Class 5,thebody.com,1
Class 5,thechurchnews.com,5
Class 5,thedrive.com,12
Class 5,thehouseofrare.com,3
Class 5,thejc.com,10
Class 5,themespride.com,2
Class 5,thenewstribune.com,12
Class 5,theolympian.com,13
Class 5,thepihut.com,1
Class 5,thepinknews.com,35
Class 5,theranest.com,4
Class 5,therobotreport.com,2
Class 5,thesportster.com,11
Class 5,thespruce.com,15
Class 5,thesprucecrafts.com,11
Class 5,thespruceeats.com,14
Class 5,thesprucepets.com,14
Class 5,thestate.com,15
Class 5,thestranger.com,8
Class 5,thethings.com,11
Class 5,thetravel.com,21
Class 5,thoughtco.com,14
Class 5,thumbzilla.com,6
Class 5,ticket-onlineshop.com,1
Class 5,tidd.ly,3
Class 5,tiny.pl,14
Class 5,tinyletter.com,1
Class 5,tipeee.com,1
Class 5,tms.pl,2
Class 5,tntsports.co.uk,8
Class 5,todyl.com,3
Class 5,topmediai.com,3
Class 5,toprecepty.cz,11
Class 5,topspeed.com,12
Class 5,toyota.com,1
Class 5,tradestation.com,2
Class 5,tradewindsnews.com,2
Class 5,trafficguard.ai,2
Class 5,trafficjunky.net,5
Class 5,trainingpeaks.com,4
Class 5,trains.com,8
Class 5,trans.eu,2
Class 5,transparency.org,1
Class 5,traum-ferienwohnungen.de,10
Class 5,travefy.com,1
Class 5,treehugger.com,11
Class 5,trendyol-milla.com,2
Class 5,tri-cityherald.com,13
Class 5,triplelift.com,1
Class 5,tripsavvy.com,14
Class 5,triveniworld.com,23
Class 5,truckertools.com,3
Class 5,truphone.com,4
Class 5,truthorfiction.com,9
Class 5,tryledisa.com,2
Class 5,tube8.com,5
Class 5,tube8.fr,5
Class 5,tudn.com,12
Class 5,tui.nl,1
Class 5,turing.com,2
Class 5,tvn.pl,15
Class 5,tvn24.pl,14
Class 5,tvshows4mobile.org,3
Class 5,twz.com,18
Class 5,tylertech.com,2
Class 5,uai.com.br,15
Class 5,uaudio.com,2
Class 5,ufile.ca,1
Class 5,ug.edu.pl,1
Class 5,ujaen.es,1
Class 5,ulefone.com,1
Class 5,ultracamp.com,1
Class 5,umb.com,4
Class 5,uncommongoods.com,1
Class 5,unilad.com,3
Class 5,unine.ch,3
Class 5,unisalute.it,3
Class 5,univision.com,10
Class 5,unoeuro.com,1
Class 5,unze.com.pk,1
Class 5,up-4ever.net,21
Class 5,upjs.sk,2
Class 5,upwork.com,1
Class 5,uqtr.ca,2
Class 5,urban-planet.com,4
Class 5,urbanfonts.com,31
Class 5,urologyhealth.org,5
Class 5,uscho.com,29
Class 5,usconstitution.net,31
Class 5,usedirect.com,2
Class 5,usmagazine.com,22
Class 5,ussoccer.com,32
Class 5,utb-shop.ro,4
Class 5,utc.com,2
Class 5,uvsgames.com,2
Class 5,vacanceselect.com,7
Class 5,vamtam.com,1
Class 5,vapi.ai,2
Class 5,vastranand.in,2
Class 5,vegas.com,10
Class 5,vegasinsider.com,5
Class 5,venafi.com,3
Class 5,verywell.com,12
Class 5,verywellfit.com,19
Class 5,verywellhealth.com,21
Class 5,vestas.com,3
Class 5,vetscanimagyst.com,5
Class 5,vfairs.com,2
Class 5,viewbug.com,1
Class 5,vijesti.me,22
Class 5,viki.com,7
Class 5,vio.com,1
Class 5,viralsweep.com,1
Class 5,virtru.com,1
Class 5,virtuozzo.com,1
Class 5,visitsealife.com,1
Class 5,vitalitymedical.com,4
Class 5,vivara.com.br,4
Class 5,vividseats.com,4
Class 5,vivino.com,2
Class 5,vivosun.com,3
Class 5,vodien.com,1
Class 5,voghion.com,2
Class 5,vola.ro,1
Class 5,volny.cz,12
Class 5,votervoice.net,1
Class 5,vyrl.co,3
Class 5,wahapedia.ru,17
Class 5,warbyparker.com,1
Class 5,wayport.net,3
Class 5,wd.com,2
Class 5,wdbj7.com,12
Class 5,wdc.com,2
Class 5,wdrb.com,4
Class 5,wearethemighty.com,8
Class 5,wearfigs.com,3
Class 5,webassign.net,3
Class 5,webcric.com,3
Class 5,webme.it,1
Class 5,webrankinfo.com,13
Class 5,webster.edu,2
Class 5,webtoons.com,4
Class 5,weedmaps.com,3
Class 5,wef.org,4
Class 5,wellandgood.com,13
Class 5,wellfound.com,1
Class 5,wepowerconnections.com,3
Class 5,westerndigital.com,2
Class 5,wgbh.org,10
Class 5,wgt.com,5
Class 5,whattoexpect.com,14
Class 5,whirlpool.com,6
Class 5,whitepages.com,4
Class 5,whogohost.com,2
Class 5,whsv.com,14
Class 5,wikifeet.com,1
Class 5,wileyplus.com,3
Class 5,winparts.nl,1
Class 5,wintorabc.com.co,7
Class 5,wiredtree.com,1
Class 5,wittchen.com,2
Class 5,womanwithin.com,4
Class 5,wondershare.com,2
Class 5,wondershare.net,6
Class 5,workvivo.com,2
Class 5,workvivo.us,2
Class 5,worldmarket.com,2
Class 5,worldtabletennis.com,2
Class 5,wort.lu,12
Class 5,wtop.com,23
Class 5,wufoo.com,3
Class 5,xda-developers.com,16
Class 5,xprize.org,1
Class 5,yoobic.com,3
Class 5,you-porn.com,5
Class 5,youporn.com,5
Class 5,youriguide.com,2
Class 5,youtube.com,1
Class 5,youvisit.com,2
Class 5,ysu.edu,4
Class 5,zacks.com,7
Class 5,zagg.com,1
Class 5,zandahealth.com,4
Class 5,zanox.com,3
Class 5,zavvi.com,1
Class 5,zemanta.com,1
Class 5,zenaps.com,3
Class 5,zenkit.com,1
Class 5,zenvia.com,2
Class 5,zid.com,3
Class 5,zimmerbiomet.com,2
Class 5,zipcar.com,2
Class 5,zippyshare.com,3
Class 5,zomro.com,2
Class 5,zomro.net,3
Class 5,zwilling.com,1
Class 6,20min.ch,11
Class 6,90min.com,9
Class 6,90min.de,11
Class 6,adweek.com,19
Class 6,airspacemag.com,2
Class 6,aljazeera.net,11
Class 6,arla.dk,11
Class 6,arla.se,3
Class 6,arrowheadpride.com,24
Class 6,artforum.com,13
Class 6,aseaofblue.com,13
Class 6,autogidas.lt,2
Class 6,azom.com,8
Class 6,bab.la,4
Class 6,barcablaugranes.com,23
Class 6,bavarianfootballworks.com,23
Class 6,bebasket.fr,3
Class 6,behindthename.com,7
Class 6,behindthesteelcurtain.com,23
Class 6,beliefnet.com,10
Class 6,bettingpros.com,6
Class 6,biathlonworld.com,5
Class 6,bigblueview.com,28
Class 6,bikeforums.net,18
Class 6,billboard.com,14
Class 6,bleedinggreennation.com,24
Class 6,bloggingtheboys.com,23
Class 6,blogher.com,20
Class 6,bodas.com.mx,2
Class 6,bolavip.com,4
Class 6,bostonglobe.com,13
Class 6,breakingnews.ie,3
Class 6,brightside.me,2
Class 6,businesspost.ie,2
Class 6,buzzfeednews.com,11
Class 6,c-spanvideo.org,2
Class 6,cagesideseats.com,23
Class 6,cargurus.co.uk,11
Class 6,casamentos.com.br,2
Class 6,cash.ch,15
Class 6,celticsblog.com,27
Class 6,chili.com,6
Class 6,cinemascomics.com,8
Class 6,cityam.com,7
Class 6,coindesk.com,11
Class 6,collinsdictionary.com,3
Class 6,comicvine.com,16
Class 6,cruisecritic.com,5
Class 6,cruisecritic.net,4
Class 6,csmonitor.com,3
Class 6,curbed.com,10
Class 6,dailywire.com,10
Class 6,dalealbo.cl,8
Class 6,danas.rs,12
Class 6,defensa.com,14
Class 6,demotivateur.fr,1
Class 6,disboards.com,17
Class 6,discogs.com,12
Class 6,download.com,6
Class 6,dvm360.com,3
Class 6,eater.com,10
Class 6,elchapuzasinformatico.com,5
Class 6,elfcosmetics.com,5
Class 6,envertetcontretous.fr,4
Class 6,europeantour.com,7
Class 6,fastweb.com,2
Class 6,fieldgulls.com,20
Class 6,flashscore.co.uk,2
Class 6,flaticon.com,10
Class 6,foodnavigator-usa.com,18
Class 6,fooducate.com,5
Class 6,football.fr,4
Class 6,football365.fr,7
Class 6,footwearnews.com,8
Class 6,frieze.com,18
Class 6,futura-sciences.com,8
Class 6,gameblog.fr,9
Class 6,gamepedia.com,9
Class 6,gamespot.com,13
Class 6,goal.pl,8
Class 6,golf.com,10
Class 6,greencarreports.com,11
Class 6,grubstreet.com,13
Class 6,haaretz.co.il,10
Class 6,haaretz.com,15
Class 6,harbortouch.com,2
Class 6,histoiresroyales.fr,1
Class 6,hockeysverige.se,2
Class 6,howlongtobeat.com,18
Class 6,huffingtonpost.ca,3
Class 6,huffingtonpost.com,2
Class 6,huffingtonpost.com.au,6
Class 6,huffingtonpost.in,5
Class 6,huffpost.com,24
Class 6,huffpost.net,3
Class 6,igamingbusiness.com,4
Class 6,indiewire.com,12
Class 6,investing.com,4
Class 6,iranianuk.com,1
Class 6,irishracing.com,10
Class 6,kingmods.net,1
Class 6,ksl.com,10
Class 6,lapaginamillonaria.com,6
Class 6,lawinfo.com,3
Class 6,leaguesecretary.com,19
Class 6,lematin.ch,6
Class 6,libertyballers.com,24
Class 6,littlethings.com,20
Class 6,lonelyplanet.com,1
Class 6,lyonmag.com,3
Class 6,mailpoet.com,1
Class 6,managingmadrid.com,21
Class 6,maplemedia.io,3
Class 6,mapq.st,7
Class 6,mapquest.com,8
Class 6,masculin.com,9
Class 6,maxroll.gg,12
Class 6,medscape.com,3
Class 6,medscape.org,14
Class 6,meetup.com,3
Class 6,melty.fr,12
Class 6,metacrawler.com,1
Class 6,milehighreport.com,26
Class 6,military.com,14
Class 6,mingle2.com,16
Class 6,mmafighting.com,23
Class 6,mmamania.com,22
Class 6,motogp.com,3
Class 6,motorauthority.com,10
Class 6,n1info.ba,7
Class 6,nba.com,12
Class 6,nerdist.com,12
Class 6,nesn.com,13
Class 6,netsdaily.com,19
Class 6,newrepublic.com,1
Class 6,news-medical.net,17
Class 6,newsday.com,10
Class 6,nextplz.fr,5
Class 6,nigella.com,6
Class 6,nova.rs,13
Class 6,ntd.com,11
Class 6,nunesmagician.com,27
Class 6,nymag.com,18
Class 6,observer.co.uk,12
Class 6,oxfordlearnersdictionaries.com,4
Class 6,paddock-gp.com,1
Class 6,patch.com,11
Class 6,patheos.com,7
Class 6,personneltoday.com,12
Class 6,pgatour.com,8
Class 6,pittsburghlive.com,1
Class 6,planetabj.com,3
Class 6,plugshare.com,3
Class 6,popsugar.com,11
Class 6,preloved.co.uk,2
Class 6,promoqui.it,21
Class 6,pulse.ng,9
Class 6,pulsepoint.com,1
Class 6,purewow.com,4
Class 6,quizpatenteapp.com,6
Class 6,rctech.net,9
Class 6,redgol.cl,5
Class 6,revolt.tv,7
Class 6,robbreport.com,13
Class 6,rollingstone.com,10
Class 6,roomrecess.com,18
Class 6,sbnation.com,23
Class 6,sciencepost.fr,3
Class 6,sheknows.com,14
Class 6,silverandblackpride.com,23
Class 6,slidesgo.com,15
Class 6,smarter.com,16
Class 6,smithsonianmag.com,5
Class 6,society6.com,1
Class 6,softschools.com,28
Class 6,solitaired.com,18
Class 6,sourcingjournal.com,5
Class 6,speedcheck.org,11
Class 6,speedtest.net,12
Class 6,sportico.com,10
Class 6,sportingnews.com,10
Class 6,sports.fr,1
Class 6,stampedeblue.com,22
Class 6,starsandstripesfc.com,19
Class 6,startv.com.tr,4
Class 6,streetinsider.com,1
Class 6,studylight.org,27
Class 6,stylecaster.com,17
Class 6,surfline.com,2
Class 6,tasty.co,9
Class 6,telestar.fr,8
Class 6,theamericanconservative.com,17
Class 6,thecut.com,15
Class 6,thedailybeast.com,34
Class 6,thediplomat.com,9
Class 6,thedodo.com,27
Class 6,theplayerstribune.com,8
Class 6,thesaurus.com,15
Class 6,thescore.com,5
Class 6,theverge.com,14
Class 6,theworlds50best.com,6
Class 6,thrillist.com,32
Class 6,tomahawknation.com,24
Class 6,toolzu.com,4
Class 6,tricksandlifehacks.com,18
Class 6,ttt4.com,15
Class 6,tvguide.com,9
Class 6,uspharmacist.com,7
Class 6,variety.com,18
Class 6,volantinofacile.it,26
Class 6,vox.com,11
Class 6,vulture.com,16
Class 6,vuoriclothing.com,1
Class 6,w3schools.com,5
Class 6,washingtonexaminer.com,15
Class 6,we.tl,2
Class 6,webcrawler.com,1
Class 6,weddingwire.in,2
Class 6,worldsbk.com,3
Class 6,worldsoccertalk.com,2
Class 6,worldsurfleague.com,10
Class 6,wwd.com,15
Class 6,zattoo.com,1
Class 7,6play.fr,4
Class 7,accu-weather.com,12
Class 7,accuweather.com,13
Class 7,advancedmd.com,1
Class 7,aha.org,4
Class 7,askmen.com,35
Class 7,babycenter.com,13
Class 7,babycentre.co.uk,15
Class 7,backstage.com,2
Class 7,bazonline.ch,5
Class 7,beehiiv.com,11
Class 7,bitdefender.co.uk,1
Class 7,blackfriday.com,25
Class 7,campaignasia.com,9
Class 7,citra-emulator.com,18
Class 7,cnet.com,23
Class 7,deadline.com,10
Class 7,downdetector.com,13
Class 7,dudequiz.com,6
Class 7,dynata.com,1
Class 7,eint.cz,12
Class 7,everydayhealth.com,14
Class 7,extremetech.com,16
Class 7,fanbyte.com,19
Class 7,fierce-network.com,12
Class 7,fiercebiotech.com,2
Class 7,fiercehealthcare.com,3
Class 7,fontlibrary.org,47
Class 7,gamesindustry.biz,8
Class 7,goldderby.com,15
Class 7,golfnow.com,12
Class 7,golfpass.com,12
Class 7,gtai.de,1
Class 7,heifer.org,2
Class 7,hinatazaka46.com,1
Class 7,hivemq.cloud,2
Class 7,hivemq.com,2
Class 7,icontact.com,3
Class 7,icptrack.com,3
Class 7,jamesbeard.org,2
Class 7,knack.com,3
Class 7,leadiq.com,1
Class 7,lifehacker.com.au,21
Class 7,loseit.com,8
Class 7,loyola.edu,1
Class 7,lyst.com,4
Class 7,m6.fr,4
Class 7,mashable.com,36
Class 7,mathletics.com,1
Class 7,moog.com,1
Class 7,ms.now,4
Class 7,msnbc.com,4
Class 7,news.com,12
Class 7,nintendolife.com,24
Class 7,nobullproject.com,4
Class 7,nylas.com,1
Class 7,oxygen.com,5
Class 7,pcmag.com,31
Class 7,plein.com,2
Class 7,portaldecompraspublicas.com.br,3
Class 7,prizepicks.com,2
Class 7,providusbank.com,2
Class 7,purexbox.com,14
Class 7,pushsquare.com,14
Class 7,qase.io,2
Class 7,researchnow.com,1
Class 7,rockpapershotgun.com,13
Class 7,scifi.com,7
Class 7,seomoz.org,5
Class 7,serasaempreendedor.com.br,10
Class 7,sherwood.news,3
Class 7,shortcut.com,1
Class 7,skz-stayjapan.com,4
Class 7,solarz.com.br,2
Class 7,solitaire.net,4
Class 7,spiceworks.com,30
Class 7,sunbeltrentals.com,2
Class 7,syfy.com,12
Class 7,tennis.com,14
Class 7,theskimm.com,9
Class 7,timeextension.com,13
Class 7,toolbox.com,13
Class 7,tracktitan.io,7
Class 7,tramontina.com.br,3
Class 7,trustedhousesitters.com,2
Class 7,upstreamonline.com,2
Class 7,vg247.com,7
Class 7,videoamp.com,1
Class 7,xn--allestrungen-9ib.de,7
Class 7,yoo.rs,4
Class 7,zdnet.co.uk,18
Class 7,zdnet.com,30
Class 7,zdnet.de,17
Class 7,zenplanner.com,3
Class 8,10elotto5minuti.com,4
Class 8,albayan.ae,8
Class 8,allaboutcookies.org,5
Class 8,am5.com,22
Class 8,amaravathiteacher.com,48
Class 8,babel.ua,8
Class 8,bajajauto.com,3
Class 8,bgeneral.com,2
Class 8,bloggersdelight.dk,1
Class 8,campaignlive.com,5
Class 8,cdllife.com,10
Class 8,cellphones.com.vn,4
Class 8,clipdown.com,16
Class 8,computerweekly.com,4
Class 8,cpstest.org,6
Class 8,dallasobserver.com,32
Class 8,dnschecker.org,7
Class 8,ebay.com.hk,2
Class 8,emailcash.com.tw,20
Class 8,emaratalyoum.com,12
Class 8,ero-labs.com,4
Class 8,ero-labs.info,3
Class 8,ets2.lt,10
Class 8,exporthub.com,1
Class 8,fantasypros.com,19
Class 8,fdownloader.net,8
Class 8,flightconnections.com,13
Class 8,fpt.vn,5
Class 8,gofan.co,4
Class 8,gtainside.com,21
Class 8,healio.com,5
Class 8,helloextend.com,1
Class 8,hi.is,1
Class 8,huaweicentral.com,30
Class 8,idsociety.org,6
Class 8,kairalinewsonline.com,24
Class 8,kideotv.com,5
Class 8,ktmindia.com,3
Class 8,lawdepot.com,2
Class 8,lichngaytot.com,45
Class 8,lowcygier.pl,4
Class 8,mista.ua,37
Class 8,motorcyclevalley.com,15
Class 8,mriia.gov.ua,2
Class 8,nearpod.com,1
Class 8,nv.ua,2
Class 8,nyfa.edu,3
Class 8,overclock.net,8
Class 8,phoca.cz,43
Class 8,podium.com,6
Class 8,radioua.net,19
Class 8,royalqueenseeds.com,2
Class 8,sakurazaka46.com,4
Class 8,sensiseeds.com,1
Class 8,sentio.ro,2
Class 8,shiitakeuranai.jp,15
Class 8,sitedataprocessing.com,5
Class 8,stan.store,1
Class 8,surfe.com,2
Class 8,thecommense.com,4
Class 8,thepage.ua,19
Class 8,therealnews.com,2
Class 8,thermaltake.com,2
Class 8,toasttab.com,2
Class 8,ulifestyle.com.hk,7
Class 8,urbanmilwaukee.com,32
Class 8,vinfastauto.com,1
Class 8,vynetrellis.com,4
Class 8,weather-doc.com,31
Class 8,weather.com,44
Class 8,wpmet.com,2
Class 8,wunderground.com,45
Class 8,xn--42cah7d0cxcvbbb9x.com,31
Class 8,zonacero.com,18
